"Kod";"Nazwa";"ogółem;1999;[ha]";"ogółem;2000;[ha]";"ogółem;2001;[ha]";"ogółem;2002;[ha]";"ogółem;2003;[ha]";"ogółem;2004;[ha]";"ogółem;2005;[ha]";"ogółem;2006;[ha]";"ogółem;2007;[ha]";"ogółem;2008;[ha]";"ogółem;2009;[ha]";"ogółem;2010;[ha]";"ogółem;2011;[ha]";"ogółem;2012;[ha]";"ogółem;2013;[ha]";"ogółem;2014;[ha]";"ogółem;2015;[ha]";"ogółem;2016;[ha]";"ogółem;2017;[ha]";"ogółem;2018;[ha]";"ogółem;2019;[ha]";"ogółem;2020;[ha]";"ogółem;2021;[ha]";"ogółem;2022;[ha]";"ogółem;2023;[ha]";"ogółem;2024;[ha]";
0201000;"Powiat bolesławiecki";;67056,0;67290,2;67472,5;68410,4;78548,5;78608,8;78828,1;78937,0;78976,9;79000,2;79024,7;79251,4;79291,4;79298,48;79385,15;79444,12;79553,47;79562,30;79468,91;79404,87;79384,97;79348,18;79509,00;79702,27;79763,27;
0202000;"Powiat dzierżoniowski";;9991,1;10032,4;10022,3;10031,0;10033,0;10045,2;10065,1;10089,8;10078,4;10078,3;10081,2;10091,6;10091,8;10077,93;10046,79;10052,65;10067,70;10066,41;10066,49;10062,67;10058,09;10057,88;10055,60;10072,57;10073,72;
0203000;"Powiat głogowski";;8668,0;8664,4;8646,0;8674,6;8707,1;8814,9;8895,5;8945,2;8953,9;8971,9;9122,3;9127,2;9234,3;9318,98;9338,30;9341,32;9946,59;9958,38;9973,86;10001,34;10001,77;10099,58;10096,32;10105,01;10108,65;
0204000;"Powiat górowski";;20671,8;20711,6;20913,5;20988,5;21018,0;21031,7;21036,4;21218,2;21273,2;21285,3;21361,5;21426,9;21448,8;21570,47;21575,53;21651,11;21650,06;21708,84;21732,88;21734,21;21734,13;21825,30;21908,91;21909,58;21894,43;
0205000;"Powiat jaworski";;12471,6;12488,1;12518,2;12542,6;12571,4;12617,9;12646,3;12745,2;12817,9;12831,6;12852,7;12867,7;12874,7;12886,18;12904,83;12914,37;12920,55;12922,14;12930,42;12936,88;12934,73;13015,59;13016,53;13020,14;13027,90;
0206000;"Powiat karkonoski";;30123,0;30228,0;30458,0;30481,2;30513,0;30516,1;30582,6;30637,4;30709,7;30696,0;30723,9;30722,4;30714,5;30739,89;30724,16;30757,82;30751,47;30775,70;30793,88;30807,57;30811,76;30902,63;30903,86;30873,61;30863,86;
0207000;"Powiat kamiennogórski";;14834,0;14863,0;14897,4;14979,9;15015,8;15095,7;15198,1;15265,4;15278,0;15280,5;15294,5;15302,3;15342,9;15329,34;15345,49;15331,22;15325,21;15333,33;15335,96;15347,54;15366,85;15296,54;15297,98;15307,46;15312,84;
0208000;"Powiat kłodzki";;70303,2;70529,5;70665,1;70840,0;71053,8;71330,0;71633,8;71753,1;71793,3;71849,2;72036,5;72149,7;72202,0;72241,40;72273,11;72283,21;72277,25;72257,74;72228,65;72292,33;72351,00;72606,67;72696,83;72710,53;72641,10;
0209000;"Powiat legnicki";;11412,2;11407,9;11443,3;11459,5;11523,3;11529,7;11604,1;11640,2;11658,7;11659,2;11731,9;11722,3;11773,1;11866,29;11868,83;11855,87;11865,87;11869,40;11889,85;11893,42;11918,40;11948,05;11914,14;11911,62;11912,75;
0210000;"Powiat lubański";;9860,5;9915,6;9926,5;9933,4;9967,5;9976,8;9977,5;10066,2;10130,2;10140,9;10196,0;10213,3;10221,4;10223,01;10237,81;10265,39;10289,41;10322,83;10368,46;10373,66;10373,77;10489,05;10490,18;10499,82;10490,46;
0211000;"Powiat lubiński";;21546,7;21633,6;21746,2;21825,2;21873,9;22134,4;22300,9;22319,3;22351,7;22464,7;22524,5;22650,2;22751,3;22796,07;22824,37;22741,13;22896,49;22951,73;22999,38;22861,38;22861,03;22805,77;22812,28;22820,43;22844,77;
0212000;"Powiat lwówecki";;23886,1;23924,4;23912,1;23931,9;24001,6;24031,1;24044,4;24099,8;24098,3;24120,5;24144,0;24211,3;24228,5;24340,60;24370,50;24470,33;24470,26;24448,72;24458,28;24540,72;24558,02;24752,48;24760,70;24790,78;24788,39;
0213000;"Powiat milicki";;29289,4;29303,6;29315,7;29436,5;29481,1;29641,6;29768,5;29768,4;29786,0;29818,1;29846,0;29850,4;29868,3;29867,35;29876,85;29917,95;29924,62;29933,62;29936,45;29930,38;29929,26;29935,50;29935,06;29961,20;29969,63;
0214000;"Powiat oleśnicki";;32592,6;32680,5;32839,3;32981,8;33121,2;33193,8;33325,1;33414,7;33473,0;33453,4;33461,1;33454,3;33451,5;33555,08;33824,86;33829,04;33822,71;33793,27;33910,16;33912,04;34048,22;34025,90;34043,84;34148,61;34185,15;
0215000;"Powiat oławski";;10454,0;10460,2;10444,2;10436,0;10442,2;10447,1;10458,5;10463,5;10446,5;10431,7;10431,5;10447,0;10468,0;10466,62;10478,20;10480,40;10480,20;10484,59;10491,85;10532,86;10532,83;10535,07;10566,45;10572,15;10580,01;
0216000;"Powiat polkowicki";;27044,9;27125,8;27203,4;27277,2;27438,0;27925,6;28318,6;28422,0;28504,0;28624,2;28762,3;28901,9;29010,2;28992,98;29055,09;29023,85;29067,97;29071,42;29114,43;28978,02;28862,67;28817,00;28818,94;28805,01;28869,55;
0217000;"Powiat strzeliński";;5330,4;5364,9;5389,3;5419,2;5442,9;5451,4;5495,1;5492,3;5483,6;5483,4;5489,4;5506,1;5505,4;5507,87;5516,63;5522,41;5524,62;5524,97;5528,52;5567,91;5573,01;5607,34;5607,29;5609,24;5618,63;
0218000;"Powiat średzki";;8705,2;8731,6;8841,6;8880,4;8923,8;8945,7;9018,1;9106,9;9134,0;9130,5;9134,5;9166,6;9195,5;9198,64;9198,60;9201,73;9208,48;9208,28;9206,67;9218,74;9213,38;9211,85;9223,53;9221,55;9222,14;
0219000;"Powiat świdnicki";;10122,3;10155,8;10172,9;10156,8;10204,0;10247,6;10267,2;10257,7;10243,3;10226,2;10220,9;10242,6;10244,5;10236,16;10223,67;10269,26;10328,31;10328,04;10385,77;10387,95;10386,67;10419,21;10431,27;10450,85;10445,89;
0220000;"Powiat trzebnicki";;26134,0;26344,5;26497,5;26626,2;26753,6;26905,1;27030,7;27051,6;27119,8;27195,0;27307,6;27302,3;27338,8;27354,37;27459,94;27453,66;27473,26;27544,07;27493,87;27494,64;27496,44;27522,82;27522,71;27605,62;27621,86;
0221000;"Powiat wałbrzyski";;17638,5;17708,9;17791,4;20396,8;20433,1;20585,7;20664,2;20697,8;20798,7;20830,7;20822,8;20826,5;20866,6;18237,10;18252,32;18270,88;18271,15;18264,61;18261,62;18196,26;18190,77;18101,78;18102,46;18216,13;18231,43;
0222000;"Powiat wołowski";;22827,2;22980,0;23041,7;23111,4;23256,5;23297,8;23365,6;23415,7;23523,2;23551,7;23607,0;23611,4;23733,2;23789,85;23805,16;23989,63;24024,78;24031,82;24057,02;24080,30;24075,80;24129,44;24122,23;24160,08;24197,07;
0223000;"Powiat wrocławski";;12125,7;12135,2;12171,4;12197,5;12231,9;12164,3;12208,1;12234,9;12230,7;12239,5;12217,7;12300,8;12346,2;12330,60;12344,91;12334,21;12333,27;12234,44;12238,71;12242,68;12220,14;12255,02;12250,62;12249,44;12295,57;
0224000;"Powiat ząbkowicki";;15827,3;15833,9;15893,3;15872,2;15928,3;16021,0;16086,8;16102,1;16183,4;16204,0;16265,4;16282,0;16304,4;16339,68;16331,50;16340,67;16360,10;16349,55;16365,88;16446,77;16775,27;16944,58;17186,38;17195,58;17224,46;
0225000;"Powiat zgorzelecki";;39249,2;39417,7;39468,4;39692,3;40045,5;40023,3;40205,1;40143,1;40861,9;40820,9;40874,1;40877,7;41342,0;41189,78;41274,94;41383,73;41786,56;41430,18;41402,98;41414,58;41408,55;41547,96;41563,96;41493,59;41498,45;
0226000;"Powiat złotoryjski";;11291,5;11334,7;11405,5;11424,6;11458,7;11482,7;11501,5;11538,7;11561,5;11561,1;11597,0;11621,2;11636,7;11634,73;11669,89;11653,23;11710,37;11717,89;11717,32;11723,23;11800,42;11900,23;11906,03;11912,56;11913,06;
0261000;"Powiat m. Jelenia Góra";;3421,6;3425,1;3465,4;3469,0;3468,5;3522,0;3531,5;3596,7;3601,1;3602,3;3602,3;3606,1;3603,7;3584,52;3584,69;3574,88;3585,22;3620,40;3622,86;3630,42;3629,31;3685,47;3703,57;3706,06;3708,89;
0262000;"Powiat m. Legnica";;199,7;195,7;191,7;191,7;192,8;192,8;190,8;183,9;176,9;174,9;174,9;172,9;172,9;172,09;172,09;172,10;242,46;242,46;242,46;242,46;316,13;325,38;330,49;330,49;330,49;
0263000;"Powiat m. Wałbrzych do 2002";;2510,1;2517,6;2541,1;;;;;;;;;;;;;;;;;;;;;;;
0264000;"Powiat m. Wrocław";;2210,6;2209,3;2219,6;2222,2;2226,4;2226,0;2236,9;2253,4;2162,2;2170,7;2182,1;2181,3;2211,9;2213,26;2225,69;2243,03;2262,44;2279,82;2279,82;2280,45;2286,36;2293,51;2339,52;2358,87;2357,19;
0265000;"Powiat m. Wałbrzych od 2013";;;;;;;;;;;;;;;2642,02;2661,71;2665,99;2669,53;2669,53;2670,12;2668,31;2669,17;2669,71;2670,32;2673,98;2685,42;
0401000;"Powiat aleksandrowski";;3435,8;3464,9;3549,0;3551,1;3551,1;3563,4;3579,8;3506,9;3493,0;3503,6;3521,6;3544,0;3539,6;3567,52;3566,51;3595,17;3597,67;3597,29;3598,57;3597,20;3568,38;3573,11;3574,20;3574,10;3566,80;
0402000;"Powiat brodnicki";;21919,0;22519,0;22563,0;22558,1;22577,1;22650,9;22691,3;22730,1;22736,5;22742,5;23052,0;23066,7;23069,0;23095,66;23263,01;23274,07;23245,29;23253,82;23268,80;23061,61;23010,23;23027,78;22531,04;22574,64;22580,42;
0403000;"Powiat bydgoski";;57925,9;58223,6;58274,2;58249,1;58241,5;58173,8;58195,5;58189,8;58175,6;58323,9;58202,2;58340,8;58367,1;58350,29;58314,88;58356,51;58386,21;58348,03;58176,07;58179,76;58173,04;58142,93;58153,88;58133,19;58132,34;
0404000;"Powiat chełmiński";;3654,0;3642,6;3637,1;3616,1;3621,6;3614,8;3622,9;3630,1;3630,7;3641,8;3641,5;3638,7;3645,0;3644,49;3648,99;3655,15;3660,09;3659,12;3661,17;3661,42;3657,83;3661,42;3662,13;3668,93;3672,07;
0405000;"Powiat golubsko-dobrzyński";;12146,0;12227,3;12222,5;12150,9;12298,2;12321,1;12346,5;12369,9;12386,6;12400,7;12410,9;12411,9;12422,0;12508,94;12433,71;12438,17;12428,44;12428,19;12428,18;12428,42;12428,31;12393,79;12354,71;12354,56;12366,24;
0406000;"Powiat grudziądzki";;10406,0;10550,2;10553,6;10521,7;10472,9;10510,5;10583,5;10641,5;10702,7;10686,8;10687,1;10697,9;10696,9;10702,71;10701,92;10710,08;10714,51;10716,08;10733,54;10809,64;10771,68;10783,52;10803,29;10782,97;10784,72;
0407000;"Powiat inowrocławski";;12510,5;12560,1;12731,5;12645,1;12598,9;12686,4;12688,0;12712,0;12708,7;12782,4;12780,7;12778,7;12777,3;12787,90;12832,37;12846,74;12849,52;12941,79;12906,26;13039,63;13048,61;13047,25;13049,07;13052,61;13066,06;
0408000;"Powiat lipnowski";;21397,4;22237,4;22317,7;22455,0;22455,9;22499,3;22520,3;22838,5;22908,3;22939,8;22939,1;23065,5;23074,2;23132,85;23154,77;23158,33;23259,70;23381,63;23425,69;23648,87;23766,55;23858,86;23923,88;23949,48;23971,94;
0409000;"Powiat mogileński";;10880,3;10881,7;10889,8;10886,2;10898,4;10972,2;11071,1;11083,9;11095,3;11104,3;11106,1;11146,2;11161,4;11177,03;11219,03;11225,88;11232,91;11286,95;11304,55;11313,30;11348,19;11359,32;11365,76;11379,00;11363,05;
0410000;"Powiat nakielski";;26018,2;26163,3;26195,9;26398,2;26295,8;26311,9;26139,1;26215,2;26328,0;26386,2;26385,0;26375,0;26393,5;26358,04;26368,67;26390,23;26377,73;26367,59;26387,87;26385,03;26381,70;26389,12;26391,87;26405,37;26457,27;
0411000;"Powiat radziejowski";;2653,6;2763,5;2807,5;2816,6;2832,0;2841,6;2866,0;2870,0;2866,0;2908,8;2907,3;2952,9;3065,3;3066,75;3070,97;3009,89;3012,22;3021,38;3048,29;3059,97;3058,88;3047,63;3062,86;3079,57;3082,55;
0412000;"Powiat rypiński";;10985,7;11287,3;11295,0;11294,8;11308,3;11413,7;11445,4;11451,8;11595,2;11583,6;11848,2;11969,2;11970,3;11967,70;11975,35;11973,97;11973,77;11973,46;11974,56;11935,70;11963,50;11836,19;11844,33;11910,26;11920,91;
0413000;"Powiat sępoleński";;18722,5;18798,7;18946,8;19051,9;19234,5;19464,7;19567,3;19582,2;19581,5;19687,7;19667,2;19657,5;19814,3;19824,70;19848,37;19900,06;19984,24;19976,51;19972,97;19977,09;19985,58;19985,59;19987,24;19992,31;19991,29;
0414000;"Powiat świecki";;53191,7;53245,2;53359,0;53435,6;53499,8;53518,5;53562,7;53700,7;53718,5;53805,9;53832,6;53824,5;53835,9;53822,76;53900,68;53913,14;53942,24;53892,99;53881,41;53844,10;53854,13;53857,53;53872,66;53867,72;53871,63;
0415000;"Powiat toruński";;36081,7;36133,2;42603,8;42699,8;42841,5;42879,2;42916,6;42958,2;42865,7;42877,4;42809,3;42816,8;42826,3;42773,91;42596,60;42556,82;42548,61;42557,19;42561,24;42560,87;42536,24;42554,45;42641,06;42518,26;42523,76;
0416000;"Powiat tucholski";;52927,4;52937,5;53059,8;53125,3;53103,8;53142,8;53173,9;53452,9;53425,3;53423,6;53495,9;53431,5;53438,1;53510,12;53490,77;53496,16;53515,67;53553,73;53591,98;53609,87;53589,92;53587,40;53627,34;53642,02;53681,87;
0417000;"Powiat wąbrzeski";;3850,5;3870,9;3871,9;3915,4;3972,7;3969,1;4030,5;4106,8;4184,5;4185,5;4209,5;4215,3;4239,2;4245,17;4247,26;4259,38;4259,92;4259,92;4278,14;4278,15;4278,15;4280,02;4287,44;4287,95;4288,11;
0418000;"Powiat włocławski";;26945,3;27225,5;27261,1;27293,9;27348,4;27402,7;27411,8;27408,4;27405,0;27561,7;27825,2;27845,2;27918,2;27961,34;27949,40;27986,16;28176,00;28177,96;28194,29;28210,34;28329,08;27918,34;27968,13;27977,30;28000,66;
0419000;"Powiat żniński";;16679,1;16784,6;16781,5;16719,8;16729,5;16781,9;16954,3;16981,3;16977,9;16986,0;17029,4;17077,2;17328,9;17332,08;17335,52;17360,52;17357,33;17334,68;17357,67;17357,98;17325,79;17292,83;17347,80;17348,13;17352,59;
0461000;"Powiat m. Bydgoszcz";;4981,9;5075,2;5076,3;5088,9;5109,3;4837,9;5018,4;5015,9;4966,1;4900,1;5065,6;5065,4;5066,1;5010,84;5023,08;4992,71;4989,12;5009,67;5020,28;5015,77;5003,45;4995,37;4980,40;4978,84;4934,01;
0462000;"Powiat m. Grudziądz";;1165,2;1165,1;1166,3;1167,1;1168,1;1147,9;1178,0;1178,1;1173,2;1178,2;1175,3;1174,4;1174,4;1169,14;1169,14;1168,97;1115,79;1113,54;1113,56;1100,52;1114,02;1116,17;1117,82;1117,78;1116,12;
0463000;"Powiat m. Toruń";;2667,8;2683,3;2690,2;2813,1;2813,9;2816,6;2821,1;2836,1;2836,1;2840,4;2846,9;2846,6;2837,0;2838,38;2841,19;2840,37;2845,98;2845,36;2884,86;2921,75;2921,52;2921,46;2919,54;2920,40;2952,23;
0464000;"Powiat m. Włocławek";;2073,9;2072,8;2065,1;2131,6;2133,8;2137,5;2140,0;2141,7;2137,1;2135,3;2146,1;2135,7;2135,5;2134,65;2135,01;2139,26;2138,87;2139,48;2139,71;2124,37;2124,34;2195,52;2184,33;2184,14;2184,14;
0601000;"Powiat bialski";;70198,5;71109,4;71612,3;71763,7;71685,5;72100,7;72419,3;72530,6;72398,8;73438,1;74875,7;75520,2;75670,7;75566,41;76049,01;76182,03;76644,99;76332,72;76807,87;76840,21;76892,70;76892,41;77720,03;78172,62;78427,06;
0602000;"Powiat biłgorajski";;64845,3;64904,4;64970,1;65043,3;64967,9;65059,0;65351,0;65391,2;65510,4;66330,6;66360,8;66570,2;66593,6;65707,44;65911,06;65956,27;66288,89;66451,58;66485,84;66536,94;66565,86;66860,86;66922,37;66930,12;66881,53;
0603000;"Powiat chełmski";;32651,3;30957,2;30936,8;30998,6;30889,7;30939,2;33789,4;34201,7;34354,4;34596,9;34596,2;34990,3;35065,3;35109,42;35445,59;35491,56;35636,08;35712,77;35859,93;35824,52;35936,34;36152,86;36311,85;36346,70;36438,23;
0604000;"Powiat hrubieszowski";;16801,0;16805,2;16783,1;16796,5;16781,9;16787,7;16787,3;16796,5;16795,7;16795,6;16813,3;16830,7;16844,4;16860,81;16862,83;16881,61;16888,97;16893,58;16894,89;16898,19;16909,21;16921,85;16935,54;16995,66;17005,03;
0605000;"Powiat janowski";;35260,4;35484,9;35617,7;35619,8;35674,6;35987,0;36110,7;36101,8;36113,2;36109,2;36119,3;36073,3;36102,7;36111,51;36174,08;36162,51;36612,30;36627,27;36396,76;36343,31;36342,63;36368,52;36379,72;36381,86;36395,63;
0606000;"Powiat krasnostawski";;16379,4;18263,0;18301,2;18321,2;18294,8;18361,0;15680,5;15780,1;15787,0;15790,0;15825,3;15839,3;15862,8;15831,23;15967,77;15978,56;15990,32;16006,59;16024,11;16039,63;16052,01;16020,43;16138,13;16149,34;16134,28;
0607000;"Powiat kraśnicki";;20140,3;20139,7;20306,3;20529,3;20535,6;21011,2;21198,8;21309,4;21326,0;21318,0;21405,8;21421,6;21478,7;21518,55;21492,89;21579,02;21661,36;21762,06;21765,09;21750,95;21769,20;21652,71;21556,95;21437,78;21614,32;
0608000;"Powiat lubartowski";;25609,6;26798,1;26902,3;27020,7;26800,0;26991,3;27015,7;27460,4;27654,0;27796,5;27776,9;27802,0;27656,6;27816,99;27949,97;27831,48;27722,17;27675,22;27739,66;27247,22;27280,06;27353,17;27449,79;27451,08;27617,58;
0609000;"Powiat lubelski";;16846,7;16897,5;17021,8;17068,9;17130,3;17042,6;17052,3;17160,1;17160,4;17163,4;17162,0;17078,4;17226,2;17229,23;17313,78;17551,08;17578,74;17485,45;17483,92;17484,94;17487,40;17476,17;17604,48;17611,28;17612,02;
0610000;"Powiat łęczyński";;8187,7;8184,6;8180,2;8560,7;8456,4;8480,0;8455,6;8463,6;8458,0;8765,4;8799,5;8724,7;8781,7;8877,43;8858,56;8857,80;8860,42;8864,52;8870,36;8987,89;8968,31;8967,58;8844,48;8861,51;8842,57;
0611000;"Powiat łukowski";;29610,4;29740,6;30074,6;30341,2;30341,8;30173,4;30522,9;30665,7;30773,4;31238,0;32444,8;32440,5;32463,7;32550,92;32719,48;32810,30;32894,45;32929,05;32938,20;31060,00;31338,17;31540,78;31538,00;31603,19;31574,16;
0612000;"Powiat opolski";;16920,3;18315,4;18314,2;18350,2;18341,9;18404,3;18372,8;18397,4;18426,6;18448,5;18451,2;18474,7;18487,4;18499,61;18511,11;18519,32;18519,49;18545,82;18573,74;18571,12;19851,45;19797,21;19350,04;18172,48;18152,91;
0613000;"Powiat parczewski";;23712,1;23925,0;24145,1;24173,5;24131,5;24238,9;24382,0;24424,5;24421,1;24556,8;24780,9;24790,0;23795,3;23515,48;23869,98;23941,23;23996,26;24018,46;24043,35;24050,41;24076,57;24164,97;24213,20;24216,79;24220,78;
0614000;"Powiat puławski";;21468,5;22610,9;22641,0;22761,5;22761,4;23127,5;23162,8;23411,3;22864,4;23100,5;23103,9;23112,0;23162,2;23133,40;23430,50;23441,46;23410,15;23497,98;24223,17;24257,06;24270,80;24228,07;24305,67;24318,39;24324,20;
0615000;"Powiat radzyński";;19677,8;19726,4;19805,7;19898,9;20033,8;20164,4;20179,0;20396,4;20445,0;20554,9;20663,0;20673,7;20742,2;20722,44;20738,79;20915,81;20882,36;20892,27;20897,54;20905,65;20914,06;20921,28;20990,19;21003,78;20944,19;
0616000;"Powiat rycki";;12522,2;12838,8;13173,4;13186,4;13156,4;13176,6;13352,2;13357,5;13361,5;13316,3;13314,3;13295,5;13299,9;13272,33;13264,11;13454,15;13430,07;13711,75;13735,13;13731,25;13751,62;13823,09;13774,74;13795,22;13790,60;
0617000;"Powiat świdnicki";;5392,6;5215,2;5181,1;5181,4;5156,2;5179,7;5179,7;5180,6;5185,2;5241,2;5244,1;5341,4;5315,1;5314,75;5334,68;5337,69;5337,76;5339,02;5338,86;5344,01;5344,81;5381,75;5392,71;5389,07;5374,20;
0618000;"Powiat tomaszowski";;32141,7;32278,0;32316,0;32311,2;32321,4;32335,3;32373,4;32430,4;32423,5;32653,6;32884,3;32899,4;32948,1;33015,61;33292,45;33149,56;33209,22;33251,64;33262,64;33265,20;33276,99;33287,88;33421,14;33419,04;33427,88;
0619000;"Powiat włodawski";;49044,4;49068,5;49060,9;49363,1;49315,0;49384,8;49557,5;49672,4;49776,2;50297,7;50313,8;50519,9;51016,5;51568,19;51751,34;51810,37;51859,28;51865,91;52097,16;52190,17;52199,90;52227,76;52228,43;52300,84;52382,00;
0620000;"Powiat zamojski";;39753,6;39740,1;39900,5;40093,6;39977,7;40426,2;40511,8;40784,1;41034,0;42054,7;42289,0;42902,0;43443,4;43038,36;43898,05;43955,16;44091,74;44109,61;44114,87;44120,61;44132,30;44192,39;44223,69;44253,05;44297,56;
0661000;"Powiat m. Biała Podlaska";;553,8;550,6;544,5;543,5;541,1;593,1;591,1;591,1;591,1;591,6;591,9;592,9;592,9;592,34;592,52;619,63;622,63;624,63;620,63;620,63;620,63;620,63;492,21;912,03;912,03;
0662000;"Powiat m. Chełm";;263,5;263,5;263,5;263,5;263,7;264,7;264,5;265,0;265,0;265,0;265,0;265,0;272,6;273,10;273,10;272,91;272,84;272,60;272,39;272,37;272,35;272,35;272,35;272,35;272,35;
0663000;"Powiat m. Lublin";;1667,0;1665,0;1665,0;1665,1;1665,0;1665,4;1665,4;1671,4;1673,4;1673,7;1673,6;1673,7;1673,7;1672,84;1672,84;1675,09;1685,27;1674,90;1674,07;1674,07;1674,35;1674,12;1674,27;1675,80;1675,77;
0664000;"Powiat m. Zamość";;62,0;62,0;62,0;62,0;62,0;62,0;62,3;56,9;56,9;56,9;56,9;56,9;51,3;51,30;51,43;51,43;51,43;51,43;51,43;51,43;51,43;51,43;51,43;50,89;50,89;
0801000;"Powiat gorzowski";;54254,2;54329,2;54349,4;54618,3;54849,9;55005,4;55098,9;55015,5;55014,8;55096,9;55161,1;55206,1;55235,0;55393,74;55550,16;55587,98;55619,73;55623,25;55617,87;55626,38;55626,97;55670,05;55753,70;55749,90;55752,67;
0802000;"Powiat krośnieński";;84752,4;84861,8;85016,0;85543,3;85552,1;85555,7;85621,0;85695,4;85912,5;85904,2;86031,8;86089,7;86117,0;86264,90;86251,01;86037,75;86047,17;86158,62;86180,71;86256,14;86309,40;86333,36;86347,15;86365,40;86640,72;
0803000;"Powiat międzyrzecki";;74111,3;74348,9;74380,3;74430,7;74578,3;74693,7;74795,8;74818,6;74509,6;74561,6;74666,6;74770,9;74784,2;74751,97;74782,66;74878,84;74931,07;74949,20;74954,34;74991,80;75062,02;75052,47;75064,31;75085,19;75087,23;
0804000;"Powiat nowosolski";;53999,4;51153,0;29947,5;30033,2;30059,8;30099,1;30207,3;30235,3;30396,8;30574,9;30853,5;30888,7;30965,9;30922,80;30909,69;31009,07;30945,35;31030,84;31038,66;31045,22;31040,51;31050,87;31332,35;31356,75;31612,28;
0805000;"Powiat słubicki";;46972,2;47380,6;47579,5;47627,5;47891,6;48038,5;48016,4;48143,0;48156,4;48162,1;48177,3;48231,2;48387,8;48375,32;48386,77;48449,72;48507,56;48524,35;48514,01;48541,56;48555,16;48574,07;48570,39;48568,41;48574,35;
0806000;"Powiat strzelecko-drezdenecki";;63387,1;63427,8;63426,4;63502,7;63537,9;63593,4;63649,3;63838,8;63855,9;63846,3;64027,4;64275,6;64466,2;64467,11;64502,35;64547,42;64551,01;64553,75;64542,62;64491,46;64491,31;64504,82;64512,14;64597,25;64601,70;
0807000;"Powiat sulęciński";;64022,9;64032,2;64128,3;66906,5;66891,4;66982,7;66968,8;67119,0;67021,2;66998,3;67128,6;67122,4;67159,2;67233,49;67262,96;67331,15;67376,49;67394,25;67442,00;67448,60;67538,66;67546,70;67532,80;67568,62;67557,34;
0808000;"Powiat świebodziński";;40134,3;40143,8;40169,1;40253,7;40262,2;40475,9;40490,6;40420,8;40424,4;40411,2;40481,1;40498,0;40487,1;40483,86;40482,37;40460,70;40462,28;40461,49;40511,92;40569,49;40547,50;40551,58;40549,17;40563,45;40579,40;
0809000;"Powiat zielonogórski";;79803,0;83177,0;79983,2;80092,5;80203,6;80227,5;80244,0;80442,8;80672,9;80742,5;80818,3;80966,0;81084,8;81085,56;81071,94;68488,81;68508,63;68496,05;68449,84;68462,22;68371,62;68500,00;68503,24;68661,58;68731,28;
0810000;"Powiat żagański";;51594,5;51614,3;51710,2;51807,7;53972,3;54002,4;54014,0;54073,2;54284,2;54320,4;54365,2;54439,2;54651,0;54706,72;54711,86;54785,03;54842,43;54847,15;54887,33;54886,10;54646,95;54693,88;54822,32;54869,66;54957,02;
0811000;"Powiat żarski";;76006,7;76030,2;76120,9;76155,2;76188,9;76247,8;75946,4;76212,4;76453,4;76460,7;76564,1;76630,6;76859,9;76960,23;77019,63;77128,80;77199,32;77263,56;77288,37;77290,66;77292,69;77426,33;77504,67;77675,23;77742,53;
0812000;"Powiat wschowski";;;;24574,8;24645,2;24729,3;24424,7;24735,6;24735,5;24812,9;24813,9;24873,3;24907,1;24914,5;24918,58;24949,72;25042,63;25076,86;25088,86;25135,27;25157,06;25160,56;25152,86;25156,00;25157,53;25155,01;
0861000;"Powiat m. Gorzów Wielkopolski";;388,4;385,2;415,4;415,3;415,0;414,5;411,8;412,5;412,5;413,1;412,7;412,7;412,7;410,76;406,94;381,65;376,72;376,72;380,22;382,77;385,16;385,66;385,67;385,67;387,46;
0862000;"Powiat m. Zielona Góra";;2812,8;2729,9;2741,6;2741,6;2684,9;2675,2;2669,1;2632,1;2660,8;2679,0;2677,6;2675,0;2674,0;2663,01;2673,20;15232,79;15206,97;15222,21;15215,65;15202,57;15315,55;15180,25;15211,20;15222,19;15022,40;
1001000;"Powiat bełchatowski";;29308,9;28994,1;29039,9;29184,1;29173,3;29171,4;29197,5;29197,3;29197,3;27846,7;28057,5;28066,6;28064,4;28171,93;28161,80;28222,67;28178,87;28249,94;28689,38;28663,52;28670,89;28627,27;28388,83;28587,18;28293,46;
1002000;"Powiat kutnowski";;4223,6;4263,5;4374,3;4267,9;4276,5;4313,0;4307,2;4351,4;4354,4;4359,9;4365,4;4374,7;4442,6;4443,24;4533,37;4535,76;4558,18;4594,80;4596,24;4609,42;4605,64;4607,38;4616,96;4617,45;4616,49;
1003000;"Powiat łaski";;13225,4;13458,8;13463,1;13469,9;13326,0;13251,0;13233,4;13288,5;13274,3;13304,9;13331,5;13331,0;13320,8;13332,10;13347,48;13343,90;13337,04;13488,34;13730,42;13750,50;13774,30;13675,94;13601,97;13651,17;13657,81;
1004000;"Powiat łęczycki";;4110,5;4122,5;4157,8;4202,8;4203,0;4224,8;4242,7;4291,1;4298,6;4321,7;4332,0;4353,2;4377,4;4383,37;4395,19;4401,39;4400,20;4402,66;4489,76;4492,13;4504,25;4506,34;4598,44;4601,54;4610,28;
1005000;"Powiat łowicki";;9031,1;9290,3;9380,6;9407,1;9406,5;9463,5;10026,6;10068,8;10056,1;10036,8;10061,8;10101,2;10123,6;10179,71;10239,78;10292,51;10302,00;9991,27;10005,76;10017,33;10047,39;10054,82;10082,23;10106,40;10105,51;
1006000;"Powiat łódzki wschodni";;17519,4;17367,8;12422,0;12454,2;12446,5;12444,8;12450,8;12450,1;12457,3;12457,0;12458,0;12397,7;12395,3;12332,22;12448,10;12432,88;12432,25;12518,50;12492,57;12494,69;12495,34;12493,77;12488,41;12474,91;12481,60;
1007000;"Powiat opoczyński";;31455,6;31574,9;31593,2;31557,6;31597,7;31687,1;31929,9;31884,4;31764,9;31874,5;32243,6;32290,5;32286,6;32381,93;32401,77;32516,03;32701,06;32862,65;32903,02;32937,24;32628,26;32644,37;32662,28;32787,18;32795,96;
1008000;"Powiat pabianicki";;12976,9;13060,3;13109,0;13063,5;13093,9;13080,0;13064,0;13195,2;13204,3;13266,4;13297,7;13307,8;13264,5;13279,19;13278,87;13292,93;13276,92;13338,84;13340,86;13337,99;13326,46;13330,37;13348,59;13297,77;13313,35;
1009000;"Powiat pajęczański";;19770,7;19898,1;19797,6;19839,3;19922,1;19930,3;19741,1;19708,1;19484,4;19602,5;20557,6;20002,8;21590,4;21564,19;21502,72;21426,69;21414,57;21458,96;21452,00;21475,29;20073,88;20092,73;20101,42;20115,96;19909,45;
1010000;"Powiat piotrkowski";;34420,7;34506,4;34505,5;34498,2;34485,5;34533,8;34498,2;34599,5;34710,9;34592,0;34631,8;34832,8;34846,0;35241,98;35248,84;35393,79;35456,82;35600,68;35666,37;35708,52;35728,40;35671,78;35810,99;35821,43;35822,29;
1011000;"Powiat poddębicki";;13516,7;13599,1;13652,7;13708,2;13718,0;13788,2;13831,6;14243,4;14284,3;14373,8;14387,8;14385,8;14441,6;14635,79;14631,01;14634,53;14613,58;14617,00;14125,44;14132,40;14085,79;14008,14;14025,84;14055,31;14069,08;
1012000;"Powiat radomszczański";;43769,9;44132,8;44143,1;44273,6;44074,5;44149,2;44282,2;44363,2;44475,9;44581,1;44664,2;44707,4;44773,1;45011,15;44992,75;45053,32;45059,69;45862,62;45894,97;45908,59;45918,13;46022,32;46060,02;46082,64;46775,14;
1013000;"Powiat rawski";;6696,6;6789,9;6998,9;7131,7;7156,3;7962,3;7961,4;8090,5;8093,4;8093,2;8091,7;8107,0;8260,2;8267,11;8386,82;8406,63;8380,84;8346,37;8361,38;8353,19;8355,72;8357,99;8399,51;8415,49;8232,59;
1014000;"Powiat sieradzki";;27243,4;27447,8;27537,3;27571,3;27554,5;27591,5;27559,3;29004,8;29434,4;29739,0;29741,7;29742,7;29719,5;29720,54;29720,31;29720,74;30318,76;30945,92;30943,95;30941,05;30949,14;30959,73;30960,79;30960,33;30894,79;
1015000;"Powiat skierniewicki";;15688,8;15917,9;15937,9;16012,1;16064,5;16141,8;16348,6;16314,0;16634,2;16631,5;16612,6;16678,1;16787,1;16851,72;16861,27;16878,54;16879,42;16858,36;16791,73;16803,73;16806,14;16799,50;16781,02;16739,60;16738,52;
1016000;"Powiat tomaszowski";;32087,3;32091,0;32185,2;32219,5;32237,0;32219,0;32350,9;32362,8;32389,0;32554,4;32554,7;32539,5;32620,2;32693,09;32768,91;32746,06;32779,19;32825,60;32913,18;32922,88;33036,68;33044,70;33107,60;33102,30;33087,24;
1017000;"Powiat wieluński";;22240,2;22230,2;22250,5;22347,3;22389,7;22531,2;22545,8;22564,1;22625,8;22768,5;22849,7;22920,8;23003,3;23005,16;23031,27;23054,71;23081,38;23111,03;23118,38;23120,59;23165,65;23194,83;23217,97;23233,02;23242,55;
1018000;"Powiat wieruszowski";;14742,6;14718,6;14721,4;14754,4;14758,2;14892,2;14909,7;15188,4;15205,9;15219,5;15238,7;15250,6;15219,0;15193,97;15202,48;15236,03;15261,07;15250,76;15262,05;15248,43;15298,81;15299,71;15302,67;15293,66;15293,36;
1019000;"Powiat zduńskowolski";;7522,2;7527,7;7540,0;7553,5;7604,7;7866,3;7908,5;8077,2;8456,9;8451,1;8442,3;8448,5;8429,4;8413,27;8414,05;8263,11;8262,31;8276,30;8273,98;8273,62;7958,76;7959,58;7959,41;7960,04;7964,81;
1020000;"Powiat zgierski";;16023,3;15992,0;16017,1;16044,0;16119,4;16164,9;16174,0;16175,2;16126,1;16125,8;16117,1;16057,9;16040,1;16266,58;16071,88;16113,46;16497,65;16490,97;16510,04;16511,07;16678,67;16696,40;16697,17;16703,74;16715,30;
1021000;"Powiat brzeziński";;;;4974,1;4994,9;4995,9;5016,1;5021,5;5019,5;4969,0;5039,0;5075,3;5056,4;5066,2;5070,07;5073,23;5097,97;5077,36;5095,95;5066,52;5125,67;5125,53;5122,65;5118,29;5115,38;5119,44;
1061000;"Powiat m. Łódź";;2293,7;2347,0;2350,0;2324,0;2875,8;2867,1;2866,1;2867,2;2865,9;2861,8;2846,0;2839,8;2814,7;2801,74;2799,11;2793,75;2778,89;2747,43;2726,32;2669,10;2688,84;2675,66;2669,23;2667,84;2669,59;
1062000;"Powiat m. Piotrków Trybunalski";;1419,2;1416,4;1413,8;1417,4;1414,4;1413,4;1418,9;1421,0;1421,3;1419,3;1419,2;1421,6;1421,6;1421,61;1421,61;1424,28;1424,28;1424,28;1426,05;1426,05;1422,97;1422,91;1432,14;1432,11;1439,62;
1063000;"Powiat m. Skierniewice";;93,5;92,5;93,6;92,6;92,1;94,6;94,6;94,6;94,6;93,6;95,5;124,6;153,5;154,59;157,59;155,49;156,49;157,49;157,93;157,93;157,93;158,83;156,93;156,93;158,30;
1201000;"Powiat bocheński";;17456,1;17458,2;17448,0;17432,9;18773,8;18765,0;18764,2;18784,2;18785,9;18785,9;18785,9;18822,3;18836,0;18797,69;18806,21;18810,86;18808,19;18806,61;18808,34;18806,50;18808,16;18811,68;18859,11;18867,83;18874,64;
1202000;"Powiat brzeski";;11029,0;11032,3;11031,3;10993,6;11061,7;11074,2;11085,5;11068,6;11190,3;11166,9;11156,3;11137,1;11183,6;11197,89;11207,86;11217,69;11219,57;11212,22;11122,45;11121,62;11126,26;11129,64;11137,90;11140,32;11118,04;
1203000;"Powiat chrzanowski";;13876,3;13939,8;13811,3;13810,3;13849,5;13861,6;14092,7;14098,2;14105,4;14126,7;14348,0;14329,4;14349,1;14349,86;14350,81;14341,95;14294,24;14315,07;14316,71;14341,80;14277,63;14274,38;14286,57;14292,11;14283,87;
1204000;"Powiat dąbrowski";;7191,9;5929,7;5931,6;5924,3;5925,7;5925,7;5928,9;5927,9;5924,9;5964,9;5964,9;6011,2;6014,0;6107,36;6107,53;6114,06;6177,50;6182,68;6087,73;6109,08;6114,15;6112,93;6126,28;6117,24;6127,56;
1205000;"Powiat gorlicki";;42356,5;42287,3;42337,9;42367,6;42362,8;42393,7;42190,4;42205,7;42308,4;42300,5;42367,7;42304,1;42392,2;42405,54;42389,32;42264,13;42246,92;42365,61;42369,50;42359,73;42366,30;42371,81;42383,10;42485,82;42433,45;
1206000;"Powiat krakowski";;15578,7;15565,0;15434,8;15526,0;15478,8;15386,1;15375,5;15321,2;15271,2;15272,3;15266,3;15202,0;15227,9;15183,14;15202,50;15195,71;15195,14;15192,50;15199,01;15283,02;15284,60;15038,87;15037,02;15081,75;15247,85;
1207000;"Powiat limanowski";;36933,8;36925,6;36934,8;36929,3;36934,8;36920,1;36925,3;36928,4;36921,2;36935,9;36936,0;36901,0;36899,4;36898,62;36899,60;36968,51;36967,28;36976,56;36979,11;37007,03;37000,47;36999,62;36988,49;36988,80;36986,38;
1208000;"Powiat miechowski";;7941,8;8027,8;7999,5;7999,8;8055,6;8054,7;8076,7;8090,7;8082,3;8130,9;8108,9;8122,5;8162,5;8176,71;8188,50;8214,03;8234,76;8245,23;8263,35;8262,47;8267,45;8268,75;8266,14;8266,37;8269,00;
1209000;"Powiat myślenicki";;23986,1;23986,2;23985,4;24017,5;24013,4;23921,8;23957,8;23962,7;24050,9;23941,7;23911,8;23869,5;23873,3;23896,43;23900,35;23976,46;24040,90;24116,52;24022,18;24057,82;24069,70;24079,74;24064,18;24066,11;24066,58;
1210000;"Powiat nowosądecki";;68046,7;68003,7;68015,6;68026,5;68037,1;68090,1;68008,1;68021,0;68029,9;68091,6;68369,7;68527,3;68596,2;68694,14;68856,81;68898,77;68866,53;68859,18;69153,91;69351,01;69369,18;69312,23;69271,26;69187,60;69145,08;
1211000;"Powiat nowotarski";;54637,8;54565,3;54817,2;54785,3;54780,7;54762,7;54527,7;54557,3;54802,7;54759,1;54940,1;55726,6;54982,6;55039,59;55205,50;55148,78;55188,49;54823,70;54886,70;55780,56;55607,56;55596,61;55399,46;55564,68;55534,93;
1212000;"Powiat olkuski";;21643,7;23063,3;21998,9;22082,1;22165,9;22246,9;22267,4;22286,2;22286,3;22286,1;22405,9;22447,9;22450,0;22645,04;22679,46;22709,40;22718,31;22685,35;22945,96;23030,17;22988,45;22919,94;22911,92;22864,79;22847,99;
1213000;"Powiat oświęcimski";;3926,8;3933,7;4035,1;4031,1;4050,8;4061,8;4085,3;4084,9;4086,7;4108,9;4107,4;4117,0;4099,3;4097,55;4076,63;4123,90;4120,40;4121,31;4066,92;4047,94;4042,84;4049,23;4047,49;4069,75;4099,16;
1214000;"Powiat proszowicki";;623,1;623,1;620,8;620,8;620,8;619,8;619,8;622,6;622,6;620,8;620,8;618,8;618,8;646,23;646,93;651,84;651,84;1019,20;746,02;624,98;622,93;614,86;614,96;616,90;617,18;
1215000;"Powiat suski";;33350,1;33353,7;33357,7;33355,4;33370,7;33380,0;33407,0;33403,3;33394,6;33397,8;33388,2;33384,2;33377,8;33377,39;33415,88;33420,18;33359,72;33397,37;33286,13;33297,22;33300,42;33331,91;33287,08;33281,52;33295,20;
1216000;"Powiat tarnowski";;28358,1;28508,0;28564,7;30564,4;30552,7;30566,6;30678,5;30722,4;30750,8;30940,4;30934,8;31037,4;31066,1;31075,63;31097,45;31140,52;31164,07;30815,91;30841,01;30952,43;30954,52;30956,25;30992,52;30986,79;31024,16;
1217000;"Powiat tatrzański";;21454,3;21454,3;21485,6;21486,6;21472,3;21501,3;21492,3;22586,9;22585,9;22585,9;22992,3;22983,6;22983,6;23066,03;23007,76;23010,43;22999,35;23004,27;23004,50;21526,49;20500,50;20491,25;19929,60;20320,28;20320,19;
1218000;"Powiat wadowicki";;15270,5;15253,2;15142,9;15189,2;15158,7;15189,2;15190,7;15238,2;15286,0;15226,7;15324,2;15277,3;15285,1;15341,38;15363,65;15361,56;15482,72;15459,12;15412,86;15491,24;15533,85;15529,55;15507,77;15611,85;15622,89;
1219000;"Powiat wielicki";;7951,8;7951,7;7946,8;7920,4;6611,1;6608,8;6597,8;6579,7;6579,0;6587,2;6585,9;6582,8;6602,4;6679,96;6680,03;6678,37;6678,47;6681,48;6685,55;6688,40;6633,23;6650,78;6615,82;6609,70;6607,60;
1261000;"Powiat m. Kraków";;1414,5;1414,5;1414,5;1414,5;1465,5;1492,5;1502,8;1502,8;1506,2;1506,2;1498,1;1498,1;1505,5;1497,31;1497,60;1501,33;1349,01;1354,89;1374,41;1405,82;1496,78;1540,76;1570,36;1589,72;1672,70;
1262000;"Powiat m. Nowy Sącz";;645,8;645,8;645,8;645,4;646,6;646,6;646,6;656,1;656,1;656,1;656,5;656,5;642,1;654,90;654,90;654,22;654,22;653,22;635,49;641,67;638,52;638,52;638,52;641,97;641,96;
1263000;"Powiat m. Tarnów";;285,1;282,1;276,9;278,9;282,8;283,0;284,7;278,7;275,7;263,3;263,3;275,3;273,6;275,56;275,71;278,45;278,45;277,43;277,95;290,33;290,33;290,10;290,10;290,15;291,42;
1401000;"Powiat białobrzeski";;16398,8;16429,8;16369,7;16374,3;16354,3;16328,0;16319,2;16317,1;16309,4;16272,1;16291,0;16300,8;16282,6;16365,71;16362,27;16371,37;16370,27;16372,01;16371,46;16362,66;16450,30;16164,62;15834,11;15833,29;15850,88;
1402000;"Powiat ciechanowski";;15919,6;15954,6;16018,0;16054,0;16117,7;16611,4;16614,3;16617,5;16549,9;16426,6;16395,4;16749,9;17106,2;17626,96;17803,95;17861,40;17953,01;18191,40;18338,65;18356,10;18361,96;18371,86;18485,57;18471,51;18489,39;
1403000;"Powiat garwoliński";;35188,4;35263,0;35304,5;35402,8;36031,8;36258,6;37086,1;37471,9;38150,2;38590,7;39170,0;39202,3;39394,8;39426,15;39550,60;39567,76;39619,43;39556,94;39637,06;39737,60;39734,26;39911,74;39575,26;39708,20;39707,32;
1404000;"Powiat gostyniński";;13105,2;13323,4;13466,0;13560,5;13562,2;13692,9;13775,6;13861,1;14022,4;14070,3;14061,5;14095,6;14100,5;14104,93;14157,21;14162,45;14188,90;14212,29;14216,20;14224,36;14265,39;14266,38;14275,64;14273,91;14268,69;
1405000;"Powiat grodziski";;4813,8;4806,4;4377,6;4378,8;4369,3;4358,3;4325,1;4330,7;4353,1;4368,2;4428,0;4412,2;4385,3;4368,40;4387,52;4387,37;4382,32;4382,63;4356,81;4371,10;4364,02;4359,36;4370,82;4349,50;4359,27;
1406000;"Powiat grójecki";;16748,0;17444,2;17795,6;15926,2;16011,3;16059,4;16593,7;16668,1;16703,3;16742,0;16757,5;16678,3;16678,7;16659,91;16659,81;16653,67;16656,31;16770,26;16789,86;16776,03;16772,56;16766,40;16770,35;16776,24;16770,44;
1407000;"Powiat kozienicki";;27965,6;28034,3;28036,9;28042,9;28067,2;28067,3;28078,6;28123,0;28124,0;28266,1;27927,6;28027,5;28025,3;28027,16;27790,51;29708,67;29748,51;29762,82;29780,84;29784,63;30602,92;30028,51;30060,76;30061,62;30055,21;
1408000;"Powiat legionowski";;11735,1;11766,6;11788,9;11711,6;11711,4;11718,6;11722,4;11735,5;11735,5;11961,6;12120,6;11997,7;11997,4;12119,15;12239,60;12246,71;12242,47;12143,36;12123,97;12100,44;11997,45;11975,43;11973,92;11984,52;11916,28;
1409000;"Powiat lipski";;12629,9;12973,1;12978,1;12981,4;12633,2;12649,1;12733,4;12739,8;12866,2;12860,0;15535,1;15903,4;15902,1;15913,74;15971,58;15948,53;15950,95;15950,01;15950,53;15950,29;15963,50;15960,89;15958,30;15950,02;15948,51;
1410000;"Powiat łosicki";;15905,7;15795,3;15831,4;15849,0;15950,9;15842,6;15904,3;16209,1;16501,7;16594,1;16755,3;16733,6;16920,2;17526,97;17571,74;17597,55;17651,40;17654,26;17679,09;17704,10;17724,73;17802,28;17805,01;17948,02;17914,65;
1411000;"Powiat makowski";;26919,6;26923,4;26916,3;26907,5;26916,2;26921,8;26926,5;26929,4;27010,9;27050,2;27074,7;27343,0;27342,1;27344,50;27683,40;27750,60;27762,03;27995,33;28450,11;28505,57;28542,12;28615,21;28660,42;28695,46;28717,34;
1412000;"Powiat miński";;26292,9;26317,6;24647,1;24740,0;24799,9;24939,6;24941,6;24920,7;24753,8;24767,1;25229,9;25120,6;25187,1;25166,75;25194,52;25514,08;25546,24;25549,55;25669,62;25496,18;25548,23;25529,97;25457,84;25837,99;25797,74;
1413000;"Powiat mławski";;21393,0;21413,9;21438,1;21468,0;22128,6;22214,6;22348,5;22361,3;22667,1;22929,1;23052,6;23170,8;23340,2;23613,30;23800,00;24841,11;25003,19;25094,06;25150,62;25167,38;25152,47;25089,08;25106,37;25132,22;25159,44;
1414000;"Powiat nowodworski";;18130,4;18123,4;18162,2;18360,0;18365,5;18371,9;18387,8;18425,8;18476,6;18497,5;18545,3;18552,1;18587,0;18598,50;18706,16;18482,50;18484,02;18507,50;18510,64;18508,46;18501,53;18502,93;18503,31;18497,93;18497,08;
1415000;"Powiat ostrołęcki";;65644,5;65670,9;65804,2;65833,6;65445,7;65478,1;65270,9;65284,7;65453,6;65849,3;66357,1;66581,0;67847,6;68031,99;68059,04;68104,43;68101,37;68103,56;67905,49;68049,68;68029,58;67445,79;67597,20;67673,30;68287,25;
1416000;"Powiat ostrowski";;34050,1;34056,7;34137,5;34235,2;34217,3;34297,4;34347,2;34349,2;34359,9;34566,5;34558,9;34553,1;34568,3;34570,24;35092,23;35349,10;35344,97;35720,60;35688,25;35940,46;35947,59;35934,70;35930,93;35285,93;35285,59;
1417000;"Powiat otwocki";;17973,4;18544,5;18587,9;18746,9;18417,9;18626,0;18496,2;18522,7;18507,0;18551,7;18550,4;18575,9;18602,4;18618,94;18637,77;18632,70;18641,14;18630,85;18662,38;18663,67;18576,31;18550,12;18108,06;18074,70;18086,45;
1418000;"Powiat piaseczyński";;10079,2;10447,9;10418,7;12078,4;11987,1;12029,3;12044,0;12057,7;11501,3;11444,4;11583,3;11552,4;11557,6;11563,09;11565,45;11475,10;11415,08;11358,86;11644,08;11567,61;11637,10;11454,49;11454,78;11435,72;11383,33;
1419000;"Powiat płocki";;30347,2;30318,9;30335,3;30598,4;30938,5;31077,5;31115,6;31173,8;31592,0;31393,4;31389,9;31384,0;31378,6;31436,79;31652,29;31670,03;31675,07;31685,25;31700,13;31704,16;31393,88;31450,11;31480,04;31498,80;31505,61;
1420000;"Powiat płoński";;18322,2;18321,4;18331,1;18337,6;18363,3;18451,4;18454,7;18468,4;18470,0;18732,0;18395,0;18537,9;19204,8;18920,00;18987,44;19642,82;19726,35;19724,89;19762,68;19761,85;19679,80;19644,28;19690,58;19610,88;19514,25;
1421000;"Powiat pruszkowski";;2645,1;2646,5;2653,4;2658,8;2672,7;2672,7;2687,1;2686,4;2682,3;2693,3;2697,7;2753,2;2776,3;2765,67;2789,27;2792,80;2796,36;2796,54;2796,78;2806,68;2806,13;2804,75;2803,03;2803,38;2802,37;
1422000;"Powiat przasnyski";;35612,2;35671,7;35710,7;35768,9;36007,1;36111,2;36143,5;36134,4;36147,4;36292,7;36442,2;36728,2;37000,6;37689,46;37911,51;37975,48;37840,34;37996,20;38048,27;38076,26;38124,45;38122,68;38081,64;38028,45;38001,46;
1423000;"Powiat przysuski";;24812,7;26835,0;24808,3;24806,7;24806,7;24810,1;24811,3;24876,6;24902,4;24905,8;24918,5;24922,3;24920,2;24928,90;24934,68;24933,43;24944,39;24943,65;24948,84;27784,80;27797,55;27830,03;27945,10;27955,20;27963,66;
1424000;"Powiat pułtuski";;15805,3;15801,5;15805,2;15803,0;15809,7;15807,7;15815,6;15813,2;15852,4;15880,5;15980,5;16048,4;16101,8;16089,33;16063,31;16114,11;16127,69;16108,02;16107,75;16110,41;16118,12;16148,41;16152,42;16149,59;16156,26;
1425000;"Powiat radomski";;36625,1;36876,8;36877,8;36919,4;36732,2;36820,7;37789,0;37820,5;38465,7;39027,4;41185,0;41594,1;41790,1;41787,91;41804,97;41803,98;41801,39;41941,54;41928,17;41959,85;41971,06;41997,17;41643,53;41649,32;41647,94;
1426000;"Powiat siedlecki";;28445,4;29589,1;29629,9;29714,0;29659,4;29722,7;29953,9;29933,6;29509,2;29514,2;29485,3;29645,4;29914,2;29951,63;30521,89;30554,86;30677,58;30722,85;30736,68;30759,90;30753,27;30733,78;30904,69;30768,61;30843,05;
1427000;"Powiat sierpecki";;11465,7;11488,8;11517,9;11461,0;11494,4;11508,0;11595,2;11608,2;11618,8;11657,2;11637,0;11687,7;11724,7;11735,17;11763,49;11794,12;11801,65;11833,20;11849,13;11894,05;11883,49;11860,42;11862,16;11864,04;11877,01;
1428000;"Powiat sochaczewski";;10767,3;10860,3;10927,6;11072,9;11093,8;11129,3;11067,8;11069,3;10947,2;10968,5;10984,1;11081,2;11043,7;11045,37;11147,13;11077,88;11083,75;11068,60;11111,17;11109,95;11068,83;11073,33;11083,16;11079,40;11104,98;
1429000;"Powiat sokołowski";;24338,1;25052,2;25287,5;25248,2;25244,2;25339,8;26063,9;26147,3;26406,5;26684,5;26756,1;24874,8;24909,8;24945,02;25021,23;24742,68;25295,54;25352,65;25452,54;25320,29;25337,63;25296,65;25314,53;25188,43;25240,77;
1430000;"Powiat szydłowiecki";;15101,9;13033,2;15111,5;14041,6;13748,3;13762,9;13802,9;14420,9;14616,9;14686,6;14844,1;14876,6;14921,9;15004,49;15049,11;15112,71;15116,29;15134,84;15131,51;15129,45;15129,87;15198,51;15283,51;15503,99;15541,33;
1431000;"Powiat warszawski";;6549,9;5983,7;;;;;;;;;;;;;;;;;;;;;;;;
1432000;"Powiat warszawski zachodni";;13387,1;13410,1;13427,9;13681,9;13685,8;13595,0;13705,0;13661,8;13664,3;13670,6;13656,8;13694,0;13697,9;13703,15;13696,74;13884,34;13866,59;13859,26;13852,12;13865,37;13863,71;13863,82;13871,63;13869,97;13876,65;
1433000;"Powiat węgrowski";;31146,2;31682,1;31777,5;31760,9;31759,0;31872,6;31917,8;31913,2;31924,9;33375,9;33388,0;33687,2;34394,6;34423,99;34438,22;34451,93;34413,80;34502,50;34567,29;34500,37;32891,52;32914,98;32927,59;32906,49;32926,41;
1434000;"Powiat wołomiński";;25556,6;25553,7;25557,2;25571,6;25601,6;25803,4;27076,4;27064,4;27509,4;28461,4;28544,3;28764,0;28763,3;28762,73;28717,09;28718,22;28675,12;28307,09;28166,23;28244,65;28163,63;28193,50;28211,23;28159,70;28112,55;
1435000;"Powiat wyszkowski";;29151,7;29149,3;29407,7;29286,7;29294,6;29323,7;29434,0;29444,9;29461,5;29558,5;29578,1;29576,5;29581,2;29579,14;29577,04;30646,08;30524,10;30516,41;30478,19;30506,42;30584,88;30319,40;30326,41;30325,17;30354,52;
1436000;"Powiat zwoleński";;8474,0;8395,8;8454,5;8447,4;8445,0;8460,7;8492,7;8606,9;8620,6;8666,6;8728,9;8799,9;8803,1;8807,00;10274,49;10329,13;10331,18;10338,11;10353,68;10354,98;10359,38;10428,67;10359,96;10358,36;10362,75;
1437000;"Powiat żuromiński";;15959,1;16096,1;16166,1;16329,0;16353,6;16395,2;16447,7;16502,4;16471,5;16640,3;16632,5;17035,1;17090,2;17054,17;17135,87;17458,05;17571,39;17619,80;17684,05;17667,99;17672,86;17673,38;17685,84;17691,27;17741,02;
1438000;"Powiat żyrardowski";;12123,8;12156,2;12209,8;12288,9;12344,0;12296,8;12312,9;12282,3;12256,9;12251,4;12247,6;12239,7;12245,4;12248,45;12262,63;12252,03;12250,60;12279,87;12242,59;12239,87;12233,83;12233,33;12232,23;12246,49;12255,92;
1461000;"Powiat m. Ostrołęka";;111,0;111,0;137,0;137,0;193,1;193,1;193,1;250,0;251,0;251,0;265,6;265,6;259,1;259,40;259,40;259,40;259,40;309,02;494,01;517,76;517,76;517,76;517,72;517,72;517,72;
1462000;"Powiat m. Płock";;404,0;404,0;416,5;408,5;406,5;426,5;426,5;423,5;428,3;430,7;431,6;431,7;432,5;432,67;434,73;431,75;430,03;435,04;433,81;443,74;443,74;443,74;424,73;435,90;435,90;
1463000;"Powiat m. Radom";;681,6;658,8;658,8;658,8;658,7;735,1;737,8;737,2;737,2;722,2;790,3;790,3;761,3;781,09;810,24;810,24;810,23;793,22;804,08;791,08;789,08;788,08;771,07;769,44;770,44;
1464000;"Powiat m. Siedlce";;204,4;206,4;227,7;218,4;221,4;218,7;217,9;217,9;217,9;217,9;218,8;218,6;218,6;218,22;218,22;218,22;218,21;218,21;217,02;217,10;216,73;216,43;216,43;216,32;216,32;
1465000;"Powiat m. st. Warszawa";;;;7134,7;7100,9;7106,0;7467,7;7577,9;7432,7;8118,1;7539,5;7071,5;7124,2;7174,1;7181,71;7234,71;7226,30;7155,11;7279,93;7226,58;7406,18;7355,39;7804,18;7825,25;7828,78;7706,33;
1601000;"Powiat brzeski";;16457,8;16481,0;16500,6;16521,7;16589,8;16650,2;16669,9;16706,9;16807,8;16862,4;16894,7;16903,7;16901,3;16912,39;16950,65;16955,02;16959,29;16987,99;16995,24;16999,78;16988,32;16931,06;16980,57;17000,65;17124,50;
1602000;"Powiat głubczycki";;4044,6;5990,0;4025,5;4100,7;4107,4;4222,6;4208,6;4223,7;4275,9;4271,6;4297,4;4324,7;4353,7;4359,79;4408,44;4397,94;4395,38;4393,44;4388,99;4386,87;4386,87;4389,12;4388,11;4390,53;4390,51;
1603000;"Powiat kędzierzyńsko-kozielski";;15022,6;13017,6;15031,8;14998,7;15056,6;15052,9;15135,2;15125,9;15162,8;15170,0;15164,0;15171,3;15168,4;15115,35;15103,73;15075,11;15070,16;15063,54;15061,05;15072,89;15049,11;15102,02;15113,23;15109,87;15202,17;
1604000;"Powiat kluczborski";;25864,0;25830,4;25834,5;25878,7;25928,9;26077,4;26058,3;26058,6;26098,5;26096,0;26090,5;26074,4;26059,3;26138,29;26128,34;26160,14;26158,48;26129,09;26132,80;26128,93;26109,75;26113,64;26118,86;26125,84;26138,95;
1605000;"Powiat krapkowicki";;10599,8;10583,0;10585,8;10562,4;10578,8;10710,7;10767,9;10835,3;10821,6;10816,9;10821,8;10825,1;10830,3;10858,23;10861,86;10862,59;10858,74;10854,56;10850,91;10843,64;10830,28;10832,17;10834,86;10841,31;10848,33;
1606000;"Powiat namysłowski";;20857,2;20922,6;20937,8;20990,3;20969,0;20981,2;21055,1;21074,1;21078,3;21111,0;21111,7;21177,2;21247,2;21299,66;21348,57;21359,26;21404,74;21456,68;21471,86;21474,17;21517,12;21534,96;21578,36;21593,97;21656,87;
1607000;"Powiat nyski";;15048,8;15089,2;15244,4;15201,2;15394,0;15429,8;15565,3;15567,6;15954,5;15664,7;15714,3;15649,1;15657,5;15705,82;15874,57;15868,56;15914,74;16310,57;16357,74;16361,60;16362,07;16326,08;16348,75;16361,34;16384,45;
1608000;"Powiat oleski";;34735,0;34800,0;34808,8;34781,5;34822,4;34914,2;34981,9;34981,4;35055,7;35054,7;35050,7;35033,9;35062,8;35071,81;35094,20;35120,25;35130,13;35091,51;35092,01;35095,16;35134,59;35004,10;35012,29;35022,56;35016,55;
1609000;"Powiat opolski";;72117,1;72093,7;72146,9;72306,3;72325,3;72396,1;72517,3;72592,9;72599,1;72638,8;72676,5;72737,2;72765,0;72796,83;72836,38;72848,35;72345,28;72162,64;72144,67;72171,21;72189,91;72188,21;72240,21;72235,65;72243,28;
1610000;"Powiat prudnicki";;6424,5;6470,1;6475,7;6543,6;6514,6;6549,1;6632,0;6674,3;6662,0;6655,1;6644,4;6607,9;6650,8;6623,78;6623,27;6623,20;6623,67;6623,72;6663,31;6662,52;6657,31;6656,33;6655,89;6659,52;6671,85;
1611000;"Powiat strzelecki";;30782,5;30777,5;30847,6;30856,4;30869,6;30940,5;30980,8;30994,7;31003,4;31002,9;31012,8;31017,0;31040,0;31062,64;31067,20;31077,28;31087,54;31097,14;31095,79;31072,38;31065,47;31003,45;31043,50;31051,77;31050,36;
1661000;"Powiat m. Opole";;921,9;926,0;929,7;926,8;935,0;934,6;934,6;954,2;954,2;954,2;948,1;948,1;948,3;947,60;947,59;947,17;1454,35;1572,69;1571,18;1574,31;1573,00;1572,57;1574,90;1578,77;1584,63;
1801000;"Powiat bieszczadzki";;139616,9;135593,8;79282,1;79268,0;79566,9;79939,4;79961,4;80023,0;79733,8;79804,9;79706,5;80287,5;80305,6;80337,49;80528,35;80534,50;80641,47;80727,86;80845,71;80888,30;80875,29;80873,95;80646,85;80748,13;80783,08;
1802000;"Powiat brzozowski";;15416,3;15306,6;15158,5;15140,6;15205,4;15284,8;15232,1;15279,3;15334,9;15403,4;15595,8;15810,9;15995,1;15908,52;16243,71;16534,40;16660,66;16695,84;16745,31;16770,09;16773,95;16801,50;16867,14;16877,12;16920,08;
1803000;"Powiat dębicki";;15023,4;19131,2;19186,2;19195,5;19230,0;19353,4;19391,8;19424,8;19446,4;19552,2;19653,9;19778,3;19887,3;20052,40;20097,60;20161,50;20290,59;20413,10;20435,08;20171,25;20069,95;20003,84;20060,44;20078,15;20084,62;
1804000;"Powiat jarosławski";;22305,6;22420,6;22434,1;22428,8;22415,5;22747,5;22825,8;22882,2;22976,5;22930,7;23092,1;23201,7;23327,3;23364,61;23392,51;23442,69;23565,26;23668,69;23743,92;23786,66;23803,07;23820,08;23856,73;23872,94;23953,92;
1805000;"Powiat jasielski";;31991,6;32026,4;32120,9;30261,7;30241,3;30286,8;30280,7;30432,8;30418,7;30527,8;30573,4;30819,5;30980,8;31138,35;31152,19;31315,62;31332,47;31444,20;31427,37;31442,92;31446,23;31463,02;31478,13;31479,32;31434,26;
1806000;"Powiat kolbuszowski";;26684,8;26674,5;26679,7;26780,7;26789,0;26936,9;27054,7;27209,3;27363,7;27439,0;27793,2;27945,0;28163,7;28318,59;28329,74;28356,51;28414,62;28449,53;28466,05;28494,43;28515,98;28527,65;28536,19;28552,83;28576,95;
1807000;"Powiat krośnieński";;32681,7;32631,3;32729,7;32755,8;32792,4;32918,1;33000,0;33032,6;33206,4;33211,0;33269,8;33300,7;33322,2;33379,71;33419,29;33450,64;33529,50;38809,01;38881,16;38894,93;38906,14;38887,72;38892,06;38877,86;38935,09;
1808000;"Powiat leżajski";;17674,3;17707,1;17768,0;17812,5;18127,5;18072,7;18353,4;18359,4;18403,5;18575,5;19169,5;19186,1;19224,6;19210,07;19242,26;19205,47;19074,75;19072,99;18925,44;18952,55;18942,64;18911,88;18896,89;18818,46;18822,84;
1809000;"Powiat lubaczowski";;61285,3;61201,5;61174,5;61438,5;61347,9;61355,1;62687,9;62654,8;63075,4;63283,7;63417,1;63417,0;63564,5;63738,45;63952,16;64329,43;64546,55;64631,69;64852,61;64559,26;64296,26;64385,86;64414,32;64496,10;64570,27;
1810000;"Powiat łańcucki";;9268,4;9297,5;9350,0;9340,0;9341,8;9359,6;9380,2;9402,5;9433,9;9490,4;9511,2;9545,7;9568,3;9583,38;9595,73;9597,22;9601,78;9605,01;9606,60;9622,90;9612,74;9624,97;9639,65;9642,95;9647,06;
1811000;"Powiat mielecki";;20412,3;20215,2;20247,4;19876,0;19882,3;20035,8;19918,4;20150,9;20344,6;20458,7;20609,6;21835,6;21870,9;21902,41;21914,97;21886,61;21903,89;21902,85;21881,01;21896,79;21902,55;21911,68;21922,63;21944,94;21955,42;
1812000;"Powiat niżański";;32458,6;32334,4;32368,5;32846,5;32918,8;32932,9;32775,6;32749,5;32775,3;32949,1;32960,2;32985,1;33176,6;33226,09;33251,17;33247,09;33406,12;33563,48;33707,31;33710,16;33586,52;33886,13;33669,90;33883,50;33985,03;
1813000;"Powiat przemyski";;46974,4;47201,2;46879,8;46661,2;47019,7;47158,8;47364,1;47350,4;47703,0;48383,1;48475,7;48652,0;48650,9;48705,15;48834,29;48960,94;49068,19;49095,31;49141,14;49470,43;49303,14;49335,91;49356,24;49480,79;49721,41;
1814000;"Powiat przeworski";;15663,9;15818,0;15849,3;15852,3;15898,2;15893,5;15919,5;16112,7;16212,4;16654,7;16754,1;16906,4;16982,0;17028,43;17150,41;17087,14;17264,12;17434,34;17643,82;17591,03;17663,83;17783,00;17805,73;17822,01;17853,90;
1815000;"Powiat ropczycko-sędziszowski";;12932,1;12940,7;12968,9;13043,0;13036,6;13225,1;13300,4;13378,1;13381,8;13373,1;13366,8;13365,3;13363,8;13376,55;13840,04;13924,84;13901,51;13948,82;13955,11;13987,89;13990,52;13962,21;13975,71;13999,13;14006,64;
1816000;"Powiat rzeszowski";;25635,4;25640,0;25918,5;26050,4;25993,1;26128,3;26071,5;26246,9;26859,9;27483,0;27869,7;27952,9;27972,1;28078,64;28057,08;28022,65;28107,65;28141,82;28157,48;28143,95;28206,98;28164,94;28130,85;28132,57;28038,86;
1817000;"Powiat sanocki";;61467,2;61582,5;61574,8;61587,6;61854,2;61912,7;61906,4;62210,7;62600,4;62700,7;62967,5;63027,9;63201,6;63246,33;63535,69;63663,59;63615,71;58441,24;58463,94;58507,49;58552,14;58571,48;58581,63;58594,72;58590,37;
1818000;"Powiat stalowowolski";;43260,1;43276,2;43269,3;43269,0;43289,2;43304,6;43303,5;43293,2;43287,1;43173,0;43211,8;43254,5;43253,6;43241,71;43459,21;43426,83;43454,25;43490,48;43386,36;43402,96;43376,19;43396,20;44155,02;43281,99;44252,37;
1819000;"Powiat strzyżowski";;12458,5;12660,1;12883,9;12962,9;12849,3;13295,3;13140,0;13141,4;13443,5;13551,8;13713,6;13819,8;13998,6;14137,40;14302,60;14403,67;14500,24;14569,07;14583,95;14637,57;14645,09;14791,65;14695,13;14717,09;14721,12;
1820000;"Powiat tarnobrzeski";;16750,7;16897,7;16981,1;16964,6;17004,2;17073,8;17556,0;17645,3;17570,8;17500,3;17594,7;17794,9;18164,9;18166,82;18163,16;18165,93;18317,35;18330,20;18381,14;18010,29;18013,24;18010,57;18514,24;18572,68;18606,48;
1821000;"Powiat leski";;;;56554,3;56606,2;56732,5;56798,1;56803,3;56807,4;57066,5;57099,8;57102,2;57513,8;57533,5;57552,64;57644,64;57861,89;57860,80;57939,15;57941,17;57937,93;57934,40;57938,63;57931,39;57935,11;58021,75;
1861000;"Powiat m. Krosno";;24,0;24,2;24,2;24,2;24,2;25,2;25,2;25,2;24,2;24,2;24,2;18,9;22,9;22,90;22,90;22,90;20,20;21,20;21,52;21,52;21,52;21,52;22,89;22,89;22,89;
1862000;"Powiat m. Przemyśl";;154,5;152,3;154,3;154,1;153,1;157,9;164,1;152,2;159,0;206,3;343,1;1195,1;1146,1;1146,06;1154,62;1154,62;1154,59;1154,08;1153,85;395,85;395,69;374,38;374,41;376,18;376,20;
1863000;"Powiat m. Rzeszów";;6,0;6,0;6,0;6,0;6,0;6,0;220,9;221,0;233,3;360,1;430,1;429,1;429,7;430,31;306,33;306,08;306,35;306,35;306,08;364,64;364,62;364,62;365,13;362,64;362,84;
1864000;"Powiat m. Tarnobrzeg";;522,8;522,8;523,8;611,0;612,1;619,1;619,1;619,1;618,1;618,1;619,1;619,1;622,1;641,29;641,32;641,32;643,32;642,32;642,32;642,32;642,32;640,43;631,43;631,43;631,43;
2001000;"Powiat augustowski";;77641,5;78194,0;78203,3;78328,4;78313,9;78319,6;78323,0;78372,9;78370,9;78395,5;78183,4;78227,1;78229,1;78251,27;78462,08;78507,72;78488,82;78521,41;78556,51;78570,08;78591,14;78602,92;78929,95;79140,36;79300,37;
2002000;"Powiat białostocki";;117946,8;118162,5;118331,4;118499,1;118636,7;118608,1;118593,2;118643,2;118699,5;118706,5;118909,1;118954,8;118974,3;119316,97;119409,83;119540,43;119700,95;119764,19;119721,03;119752,18;119694,34;119724,76;119763,35;120047,85;120144,70;
2003000;"Powiat bielski";;26452,1;26750,8;26922,5;27071,1;27208,5;27236,0;27293,9;27386,0;27403,1;27600,8;27736,1;27844,7;28063,3;28166,37;28228,48;28450,02;28451,24;28519,32;30426,81;28735,62;29839,93;29954,11;30169,85;30180,75;30196,59;
2004000;"Powiat grajewski";;21097,3;21422,9;21381,5;21400,6;21388,6;21988,7;21952,9;22053,1;22067,8;22178,0;22261,8;22270,0;22272,4;22277,91;22313,78;22328,11;22271,04;22277,12;22298,60;22302,28;22284,62;22320,35;22420,54;22417,60;22351,10;
2005000;"Powiat hajnowski";;82995,9;83461,8;83731,7;84379,6;84689,6;85694,1;85846,0;86146,2;86078,0;86965,0;87702,4;87832,4;88000,2;88062,50;88117,50;88139,05;88366,10;88441,11;88496,29;88564,86;88679,53;88868,79;88851,75;88840,01;88869,85;
2006000;"Powiat kolneński";;19382,3;19380,3;19378,0;19363,2;19893,9;19969,8;20387,5;20415,6;20510,9;20737,7;20803,8;20959,4;21105,9;21101,37;21113,79;21126,50;21148,48;21153,78;21147,00;21128,30;21113,31;21106,54;21109,92;21098,64;21098,61;
2007000;"Powiat łomżyński";;29575,8;29608,5;29615,6;29657,9;29675,8;30167,4;30292,2;30289,5;30368,0;30418,4;30462,5;30897,6;30930,2;31028,29;31045,00;31079,75;31280,53;31281,96;31251,27;31203,99;31090,07;31042,49;31084,89;31102,37;31158,43;
2008000;"Powiat moniecki";;27652,5;27700,0;27290,2;27400,9;27403,2;27659,3;28216,3;28463,0;28608,8;28603,1;28579,1;28587,1;28616,7;28621,15;28720,58;28711,97;28732,48;28747,96;29006,64;29015,79;29018,02;29024,86;32974,64;32911,27;32908,15;
2009000;"Powiat sejneński";;36069,4;36051,4;36048,7;36175,3;36360,2;36468,4;36480,4;36543,3;36548,1;36706,2;36668,3;36663,6;36667,7;36665,48;36732,57;36764,38;36782,16;36776,67;36765,15;36773,84;36849,46;36867,96;36882,43;36848,62;36860,46;
2010000;"Powiat siemiatycki";;47955,6;48029,7;48143,4;48228,1;48283,0;48315,0;48742,3;48759,1;48912,1;48805,5;49870,8;49985,3;50239,1;50298,90;50540,49;50987,12;50988,93;51136,98;50972,17;51206,71;51238,36;51986,48;52036,92;52116,88;51822,60;
2011000;"Powiat sokólski";;49282,7;49576,1;50139,3;50142,8;50231,5;50390,5;51819,2;51936,7;52629,2;52725,2;52766,1;52871,0;52941,6;52984,58;53052,55;52995,97;53082,13;53099,71;53570,53;53621,68;53698,80;53748,71;53828,31;53973,36;54014,05;
2012000;"Powiat suwalski";;22688,6;22687,8;22618,6;22600,3;23039,3;23178,9;23290,4;23320,0;23361,2;23405,3;23505,1;23531,6;23600,4;23546,33;23553,92;23564,27;23574,90;23602,45;23585,55;23641,36;23572,71;23452,86;23590,16;23607,41;23607,71;
2013000;"Powiat wysokomazowiecki";;23729,7;23690,0;23640,7;23760,0;23755,8;23739,8;23686,7;23985,7;23972,8;24001,1;23995,5;23883,5;23988,6;23953,33;23956,71;23919,04;23883,14;24007,95;24363,67;24459,63;24314,04;24166,64;24118,87;24108,50;23971,57;
2014000;"Powiat zambrowski";;19202,3;18064,5;17927,6;17954,0;17928,1;19794,1;19878,3;21679,7;21865,9;21900,8;21904,8;21932,6;21928,2;21936,34;21937,62;21910,96;21918,86;22006,45;22089,53;22056,27;22026,55;21951,49;22022,77;22075,49;22187,68;
2061000;"Powiat m. Białystok";;1876,0;1876,1;1842,3;1842,1;1853,6;1772,0;1843,0;1856,6;1875,1;1868,5;1867,4;1860,4;1856,3;1854,42;1880,35;1880,66;1893,16;1890,58;1886,00;1885,87;1884,57;1884,96;1884,97;1885,22;1884,61;
2062000;"Powiat m. Łomża";;29,7;29,7;29,7;29,7;29,7;29,7;30,7;30,7;35,2;35,2;35,2;35,2;35,2;35,11;35,01;35,00;35,00;32,87;32,87;32,87;32,87;32,87;32,49;31,58;31,58;
2063000;"Powiat m. Suwałki";;899,2;899,8;899,8;900,5;907,0;908,0;907,0;906,9;971,2;973,0;906,0;906,0;918,0;918,03;918,02;923,02;921,01;920,39;903,39;904,39;904,39;901,15;902,82;902,81;909,12;
2201000;"Powiat bytowski";;115135,3;115290,2;115173,3;115004,0;115127,2;116215,1;116200,4;116847,0;117157,2;117465,7;117483,1;117388,2;117606,0;117540,94;117601,57;117983,55;118159,47;118205,25;118165,72;117935,06;117959,00;118132,68;118239,38;118431,55;118398,35;
2202000;"Powiat chojnicki";;71465,3;71525,1;71676,5;71741,7;71813,9;71860,5;71885,6;71855,7;71890,7;71943,9;72075,3;72072,4;72028,1;72047,00;72153,56;72142,60;72085,89;72148,32;72121,25;72128,44;72049,79;72194,43;72291,23;72164,72;72144,10;
2203000;"Powiat człuchowski";;76993,4;77127,3;77265,1;78165,4;78289,0;78546,2;78625,3;78687,8;78691,4;78675,5;78758,9;78841,0;79175,9;79180,82;79380,83;79425,36;79511,19;79609,04;79747,37;79814,38;79883,22;79882,58;80237,83;80280,44;80324,78;
2204000;"Powiat gdański";;14185,7;14197,2;14231,2;14318,9;14238,9;14381,1;14368,8;14576,8;14620,3;14668,1;14773,1;14822,2;14846,8;14957,09;14956,68;14922,00;14944,17;14962,85;14942,94;14942,72;14942,75;14926,96;14933,26;14949,24;14960,85;
2205000;"Powiat kartuski";;34598,9;34600,0;34613,3;34096,5;34089,3;34190,6;34199,4;34313,3;34494,0;34589,3;35167,2;35107,8;35103,1;35297,81;35294,44;35242,42;35268,65;35243,60;35234,57;35357,60;35497,71;35487,93;35457,59;35450,66;35428,41;
2206000;"Powiat kościerski";;52623,6;52660,7;52738,9;52841,8;52701,1;52722,8;52660,1;52711,4;52807,1;52865,9;53045,0;53099,2;53219,1;53206,55;53162,79;53212,21;53203,91;53175,06;53198,99;53177,99;53312,05;53325,37;53523,22;53378,01;53468,65;
2207000;"Powiat kwidzyński";;18624,5;18733,3;18919,2;19186,2;19319,5;19290,4;19311,6;19385,2;19393,2;19430,6;19566,0;19711,3;19730,4;19757,63;19664,02;19680,27;19701,00;19706,79;19713,35;19710,32;19726,61;19726,72;19777,15;19776,46;19774,64;
2208000;"Powiat lęborski";;27356,7;27382,2;28026,6;28103,1;28346,4;28561,8;28613,9;28689,2;28709,9;28835,0;28871,9;28988,8;29092,4;29157,92;29199,94;29213,54;29381,66;29392,73;29392,15;29382,08;29378,36;29386,60;29404,80;29362,69;29392,42;
2209000;"Powiat malborski";;12898,1;12974,9;970,9;975,1;1015,7;1015,5;1103,7;1087,7;1143,1;1151,3;1126,4;1147,8;1158,9;1158,98;1185,91;1195,31;1196,43;1199,62;1198,47;1199,78;1199,95;1200,19;1200,40;1199,47;1199,73;
2210000;"Powiat nowodworski";;5404,4;5408,9;5417,6;5635,8;5678,8;5662,4;5647,6;5547,0;5600,4;5629,5;5614,5;5612,2;5657,1;5652,63;5649,41;5640,27;5631,79;5639,98;5624,55;5606,46;5605,90;5546,73;5540,23;5541,04;5540,59;
2211000;"Powiat pucki";;17913,6;18101,6;18127,6;18222,5;18317,8;17964,7;17967,4;18018,3;18003,8;18112,7;18118,8;18145,8;18136,0;18127,13;18157,21;18174,07;18186,68;18201,33;18203,32;18218,32;18228,62;18229,46;18220,30;18268,69;18269,33;
2212000;"Powiat słupski";;82605,4;82776,0;82754,1;82929,6;83305,5;83513,0;83817,4;84121,9;84187,0;84498,4;84554,1;84747,0;84804,8;85316,50;85140,31;85181,23;85355,98;85582,55;85599,50;85631,17;85686,00;85677,63;85731,44;85785,92;85903,01;
2213000;"Powiat starogardzki";;57268,3;57749,7;57884,5;57989,2;58196,1;58270,7;58341,6;58352,6;58381,7;58375,4;58405,6;58566,3;58577,8;58574,05;58577,86;58382,52;58489,14;58459,21;58420,70;58412,29;58415,11;58471,11;58323,67;58209,91;58215,24;
2214000;"Powiat tczewski";;10187,4;10268,3;10293,4;10337,5;10330,6;10311,8;10328,3;10395,1;10404,2;10383,2;10385,9;10409,6;10414,0;10422,27;10424,51;10428,92;10427,87;10431,26;10431,82;10436,39;10436,40;10520,00;10504,00;10510,59;10490,61;
2215000;"Powiat wejherowski";;56035,3;56312,8;56509,2;56680,9;56816,4;56872,5;56982,9;57131,8;57155,6;57475,4;57504,7;57412,3;57451,8;57425,85;57475,18;57491,62;57483,58;57482,82;57470,48;57493,65;57439,27;57408,92;57465,41;57506,38;56913,09;
2216000;"Powiat sztumski";;;;12302,4;12542,4;12659,7;12617,5;12618,8;12644,9;12712,5;12715,2;12715,3;12706,4;12805,8;12803,06;12803,15;12863,49;12973,61;12905,22;12968,96;12992,92;13000,38;13049,13;13054,89;13057,85;13053,40;
2261000;"Powiat m. Gdańsk";;4600,7;4597,5;4590,4;4685,3;4691,3;4691,7;4691,0;4692,0;4688,9;4688,9;4688,8;4694,1;4693,2;4681,66;4706,87;4706,07;4802,87;4808,05;4810,49;4649,67;4650,63;4649,39;4647,32;4647,33;4647,32;
2262000;"Powiat m. Gdynia";;6201,3;6205,3;6205,0;6204,1;6196,1;6154,7;6163,9;6167,3;6175,3;6174,7;6174,5;6174,7;6162,0;6155,92;6157,04;6157,04;6157,05;6164,58;6159,50;6149,40;6149,47;6149,48;6149,41;6156,70;6186,43;
2263000;"Powiat m. Słupsk";;536,0;536,0;537,0;536,0;535,8;537,1;509,3;509,7;508,6;527,1;522,5;522,6;524,4;524,56;523,19;504,27;507,30;507,12;507,12;507,12;507,12;507,12;507,12;674,46;674,30;
2264000;"Powiat m. Sopot";;933,2;930,6;930,2;930,2;929,7;930,8;930,8;930,8;930,8;930,8;930,8;931,0;931,0;930,96;929,47;929,47;925,01;925,01;925,01;924,47;924,47;931,81;931,81;931,81;931,81;
2401000;"Powiat będziński";;7433,1;6549,0;7715,4;7780,0;7776,8;7763,4;7603,9;7687,6;7809,7;7999,7;7836,9;7862,0;7857,2;7879,86;7882,68;7905,50;7903,36;7883,04;7885,68;7713,82;7722,27;7751,36;7721,57;7733,42;7734,95;
2402000;"Powiat bielski";;12918,2;12916,1;12896,3;12874,0;12884,3;12919,6;12890,5;12998,0;13030,8;12979,3;12997,7;12990,1;12986,4;12995,56;12977,03;12989,52;12978,66;12936,23;12888,80;12859,76;12857,55;12846,73;12842,01;12814,85;12810,12;
2403000;"Powiat cieszyński";;28149,8;28214,4;28226,7;28439,7;28445,2;28441,0;28460,2;28397,7;28470,8;28465,7;28463,0;28459,5;28458,2;28664,98;28665,81;28390,00;28386,31;28388,95;28389,15;28410,39;28442,35;28439,73;28217,09;28222,57;28232,61;
2404000;"Powiat częstochowski";;43983,4;43517,3;43580,1;43594,2;43659,4;44067,4;44140,4;44268,5;44276,3;44248,4;44658,0;44784,4;44450,2;44603,34;44611,24;44647,69;44736,49;44900,07;44944,52;45635,43;45656,44;46331,00;46380,89;46450,96;46074,27;
2405000;"Powiat gliwicki";;21933,8;21938,7;21941,8;21918,5;21907,8;21895,9;21952,0;22003,1;21841,2;21845,8;21922,3;21992,2;22008,7;22153,76;22237,71;22272,01;22302,45;22221,53;22223,91;22415,11;22516,08;22569,34;22549,37;22319,54;22620,77;
2406000;"Powiat kłobucki";;26579,6;26631,4;26331,4;26397,4;26430,7;26527,6;26562,0;26636,2;26636,0;26650,1;26658,3;26668,8;26666,0;26776,52;26882,79;26977,96;26724,74;26813,75;26744,18;26626,56;26635,24;26662,34;26663,09;26796,04;26761,15;
2407000;"Powiat lubliniecki";;42587,1;41904,6;41898,8;41985,3;42016,0;42026,9;42174,7;42207,3;42308,1;42161,5;42173,8;42159,0;42150,2;42150,18;42066,85;42069,80;42063,00;42117,90;42119,87;42126,36;41858,76;41927,75;41912,84;41935,57;41970,67;
2408000;"Powiat mikołowski";;8384,8;8473,9;8471,3;8445,4;8364,8;8475,3;8511,7;8558,5;8572,7;8566,8;8570,5;8580,8;8652,5;8683,19;8682,53;8639,87;8627,52;8634,10;8628,57;8630,81;8640,55;8653,12;8648,64;8653,04;8651,88;
2409000;"Powiat myszkowski";;10340,9;11261,6;11343,1;11689,2;11329,7;11463,6;11466,9;11495,1;11513,6;11509,1;11512,1;11579,2;11670,4;11666,13;12125,45;12238,00;12352,80;12466,66;12144,36;12182,04;12183,84;12197,53;12211,11;12003,07;12022,08;
2410000;"Powiat pszczyński";;13439,0;13413,4;13421,2;13511,9;13500,4;13528,6;13580,9;13581,9;13582,1;13573,9;13566,0;13566,0;13616,0;13619,27;13606,33;13602,58;13589,39;13599,37;13623,74;13621,09;13620,10;13610,79;13609,12;13609,86;13586,21;
2411000;"Powiat raciborski";;14106,8;14072,2;14068,7;13892,9;13978,3;13968,5;14006,8;14001,5;13792,1;13780,1;13798,2;13787,3;13794,2;13797,65;13801,92;13794,74;13817,88;13818,91;13819,27;13814,67;13838,41;13843,66;13848,29;13846,27;13850,37;
2412000;"Powiat rybnicki";;7426,7;7383,3;7374,2;7380,7;7394,2;7408,5;7408,6;7429,3;7408,6;7407,7;7401,7;7401,8;7403,6;7403,98;7399,07;7409,07;7414,53;7411,53;7409,77;7462,25;7463,46;7463,37;7478,57;7480,01;7490,50;
2413000;"Powiat tarnogórski";;32472,8;32466,8;32412,2;32640,0;32645,9;32652,7;32669,2;32766,6;32731,3;32759,4;32722,9;32768,1;32890,2;32984,24;33004,43;33019,79;33024,52;33347,02;33371,80;33359,43;33337,88;33355,59;33249,89;33280,84;33271,52;
2414000;"Powiat bieruńsko-lędziński";;2410,9;2363,2;2337,2;2322,0;2332,7;2339,4;2347,9;2348,9;2335,8;2335,7;2339,8;2334,3;2346,3;2345,68;2343,04;2345,42;2342,89;2344,98;2344,57;2335,36;2339,43;2346,13;2366,99;2372,42;2354,37;
2415000;"Powiat wodzisławski";;2876,8;2772,0;2764,2;2855,0;2815,6;2807,7;2807,9;2755,4;2733,3;2733,2;2762,7;2758,1;2758,6;2753,26;2752,99;2736,39;2735,39;2721,80;2796,59;2797,51;2794,29;2795,17;2808,72;2837,79;2841,91;
2416000;"Powiat zawierciański";;30585,3;30857,5;30419,8;30388,4;30448,7;30483,5;30514,0;30725,9;30485,3;30483,6;30533,5;30585,7;30550,5;30511,02;30640,53;30652,32;30792,70;30818,13;30914,07;31075,30;31100,95;31165,33;31148,72;31395,44;30665,78;
2417000;"Powiat żywiecki";;54740,4;54794,1;54723,6;54854,0;54770,2;54757,5;54758,3;54743,6;54744,3;54745,0;54740,7;54748,0;54741,8;54745,68;54746,89;54746,08;54746,03;54745,37;54746,71;54864,35;54965,23;55020,90;55058,27;55125,97;55074,99;
2461000;"Powiat m. Bielsko-Biała";;3174,4;3179,2;3172,9;3181,2;3165,1;3167,8;3167,8;3149,1;3148,2;3145,2;3140,2;3137,9;3136,8;3160,51;3160,25;3150,94;3158,74;3157,89;3172,16;3172,01;3171,81;3179,90;3178,36;3187,43;3205,87;
2462000;"Powiat m. Bytom";;1342,9;1342,9;1346,8;1330,2;1328,7;1328,6;1328,6;1328,4;1328,3;1291,4;1291,4;1291,4;1423,9;1431,81;1450,06;1450,05;1450,05;1449,50;1449,01;1448,99;1448,99;1448,99;1454,81;1450,26;1450,26;
2463000;"Powiat m. Chorzów";;225,0;225,0;225,0;225,0;225,1;226,4;226,4;226,4;226,4;226,4;235,1;235,1;235,1;235,11;235,11;235,11;235,11;235,11;235,11;235,11;235,11;235,11;235,11;235,11;235,11;
2464000;"Powiat m. Częstochowa";;459,0;487,0;486,7;481,7;500,4;528,1;565,6;563,5;583,6;583,7;670,5;680,3;679,3;679,04;678,04;678,91;677,90;676,91;656,46;655,45;662,45;665,46;682,56;686,56;687,37;
2465000;"Powiat m. Dąbrowa Górnicza";;4369,9;4346,3;4353,0;4345,0;4353,4;4357,0;4394,9;4396,4;4181,3;4182,1;4193,8;4202,9;4190,9;4189,59;4363,66;4365,73;4394,08;4594,44;4731,05;4745,96;4755,72;4771,09;4785,94;4806,51;4810,46;
2466000;"Powiat m. Gliwice";;1569,3;1519,6;1517,3;1510,3;1517,5;1517,2;1523,3;1560,3;1556,1;1480,4;1515,0;1514,9;1535,1;1535,57;1535,65;1531,47;1531,43;1532,05;1534,56;1534,56;1543,01;1552,36;1553,74;1553,74;1549,73;
2467000;"Powiat m. Jastrzębie-Zdrój";;618,7;620,7;617,0;627,9;627,9;627,9;587,4;570,9;578,1;579,1;552,8;553,8;552,6;552,82;553,83;553,44;586,44;585,07;585,07;585,07;585,07;585,07;590,13;590,12;592,40;
2468000;"Powiat m. Jaworzno";;5209,1;5169,4;5197,2;5203,5;5211,3;5211,5;5280,3;5344,9;5349,4;5379,4;5763,9;5768,2;5839,6;5880,60;5881,30;5881,23;5900,81;5909,71;5910,72;5914,20;5875,86;5870,40;5879,87;5777,81;5643,99;
2469000;"Powiat m. Katowice";;6697,2;6683,2;6652,2;6666,2;6680,9;6789,0;6786,5;6788,5;6790,7;6790,5;6861,1;6869,1;6872,9;6873,75;6844,13;6839,47;6867,30;6847,62;6846,18;6869,23;6892,21;6892,23;6897,03;6897,52;6896,73;
2470000;"Powiat m. Mysłowice";;1675,0;1676,0;1675,9;1694,0;1694,3;1725,8;1712,9;1712,9;1712,9;1712,9;1748,1;1747,8;1747,8;1747,26;1742,86;1750,85;1750,85;1738,42;1738,53;1738,53;1766,44;1766,44;1766,40;1766,40;1764,46;
2471000;"Powiat m. Piekary Śląskie";;218,1;218,1;215,9;220,6;221,6;219,8;219,9;219,3;218,3;218,2;219,1;219,1;221,3;223,71;224,77;224,77;225,50;225,50;222,67;222,67;222,51;222,30;222,30;221,39;221,39;
2472000;"Powiat m. Ruda Śląska";;1541,0;1530,0;1510,0;1506,5;1518,7;1564,3;1564,3;1564,3;1564,3;1564,3;1597,0;1608,1;1608,0;1607,99;1608,11;1614,24;1611,60;1612,43;1612,58;1612,78;1617,81;1617,30;1620,11;1620,54;1620,52;
2473000;"Powiat m. Rybnik";;4578,7;4614,2;4614,2;4614,7;4618,0;4652,7;4653,7;4730,5;4709,6;4713,7;4715,4;4729,7;4728,6;4726,75;4716,79;4726,07;4725,66;4689,76;4688,79;4688,79;4630,91;4630,98;4628,56;4633,99;4635,37;
2474000;"Powiat m. Siemianowice Śląskie";;37,0;37,0;0,0;0,0;37,2;37,9;37,9;37,9;37,9;37,9;37,9;37,9;37,9;37,88;37,88;37,88;37,88;37,88;37,88;37,88;37,88;37,88;37,88;37,88;37,88;
2475000;"Powiat m. Sosnowiec";;1537,4;1557,1;1639,3;1614,5;1659,3;1675,0;1707,8;1694,0;1600,3;1593,6;1570,7;1564,0;1563,0;1509,62;1521,21;1517,47;1517,47;1517,19;1517,19;1517,44;1540,47;1507,37;1506,70;1522,88;1558,02;
2477000;"Powiat m. Tychy";;2274,9;2266,2;2266,2;2287,7;2289,9;2314,9;2320,8;2322,0;2417,3;2323,6;2271,5;2271,7;2271,1;2278,22;2291,79;2291,08;2290,18;2289,62;2289,62;2287,46;2269,01;2265,88;2329,47;2330,96;2328,65;
2478000;"Powiat m. Zabrze";;1301,8;1272,2;1254,3;1273,8;1255,4;1260,2;1250,2;1250,2;1245,2;1245,2;1264,6;940,3;950,4;960,65;970,71;971,90;959,37;949,37;952,96;961,69;973,77;974,94;976,90;976,96;974,01;
2479000;"Powiat m. Żory";;1572,5;1575,4;1573,1;1570,7;1571,0;1578,5;1593,8;1566,5;1556,0;1556,0;1556,6;1556,1;1556,2;1556,14;1570,56;1568,48;1551,83;1549,75;1549,64;1549,57;1549,46;1549,42;1547,92;1545,78;1545,72;
2601000;"Powiat buski";;9158,0;9221,0;9301,6;9561,3;9650,3;9838,1;9864,5;10040,0;10113,0;10198,0;10210,3;10347,2;10518,9;10547,85;10576,34;10618,05;10675,01;10759,95;10775,95;10795,13;10799,34;10977,55;11131,95;11152,61;11152,76;
2602000;"Powiat jędrzejowski";;23180,1;23219,3;23284,4;23362,8;23904,2;24118,3;24139,5;24056,7;24032,3;24070,9;24109,0;24179,1;24332,6;24527,53;24690,91;24721,68;24794,58;24900,47;25026,04;25042,04;25052,65;25122,41;25227,39;25158,27;25160,78;
2603000;"Powiat kazimierski";;1676,5;1573,6;1571,8;1756,0;1747,0;1750,9;1749,9;1747,9;1753,2;1765,2;1153,2;1166,7;1186,2;1183,88;1185,88;1183,98;1217,90;1226,90;1228,57;1249,42;1251,20;1282,09;1297,80;1301,29;1358,02;
2604000;"Powiat kielecki";;78182,0;78419,9;78404,9;78249,8;78324,3;78276,7;78480,7;78510,7;78468,1;78479,8;78453,7;78578,5;78706,4;78759,58;78746,93;78784,67;78868,42;78939,99;78935,73;79038,63;79070,21;79157,60;78895,33;79155,75;78802,69;
2605000;"Powiat konecki";;54109,8;53993,8;54034,8;54050,9;54909,2;55929,9;55949,0;56008,9;56605,3;56841,5;57191,6;57259,2;57251,6;56968,76;57029,69;57029,41;57070,28;57094,12;57037,64;56914,65;57009,37;57017,42;57050,44;56687,75;56626,90;
2606000;"Powiat opatowski";;12753,3;12692,6;12554,5;12656,7;12661,5;12545,5;12711,8;13845,3;13861,0;13995,9;14026,3;14050,9;14160,9;14258,48;14268,54;14287,75;14235,67;14292,35;14359,37;13931,95;13542,51;13599,18;13397,65;13384,15;13349,01;
2607000;"Powiat ostrowiecki";;18517,8;18516,0;18520,2;18519,7;18600,4;18645,6;18652,7;18648,8;18646,0;18643,1;18768,2;18798,9;18787,4;19003,98;19123,66;19368,56;19299,75;19307,72;19325,98;19322,33;19330,75;19341,30;19346,25;19299,24;19311,82;
2608000;"Powiat pińczowski";;10714,3;10713,3;10695,8;10693,4;10695,5;10759,5;10759,5;10757,1;10771,5;10771,5;10767,8;10767,3;10803,4;11172,49;11191,16;11200,68;11221,51;11233,54;11239,81;11250,24;11259,63;11310,68;11311,48;11319,18;11329,42;
2609000;"Powiat sandomierski";;4000,1;4012,3;4035,9;4226,7;4531,0;4554,5;4559,4;4594,9;4618,6;4617,8;4616,8;4617,8;4618,3;4620,93;4806,57;4806,47;4805,14;4804,54;4797,07;4845,76;4845,60;4850,65;4854,44;4854,74;4888,94;
2610000;"Powiat skarżyski";;20767,3;21526,9;21518,4;22939,0;22935,8;22883,6;22993,8;22975,8;23216,0;23219,2;23938,5;23890,0;23595,0;23772,69;23801,05;23801,73;23820,04;23817,24;23816,26;23286,12;22923,21;22928,11;22970,94;22975,17;22974,24;
2611000;"Powiat starachowicki";;24971,3;24273,8;24207,0;24207,9;24210,5;24230,1;24268,3;24274,2;24321,0;24327,0;24324,1;24323,9;24323,5;24328,67;24333,51;24359,55;24351,85;24315,50;24322,71;24324,78;24314,01;24322,33;24321,78;24323,47;24387,71;
2612000;"Powiat staszowski";;25314,1;25469,8;25429,5;26180,3;26172,3;26170,4;26243,6;26200,7;26199,4;25601,5;25623,9;25626,9;25633,0;25685,28;25653,13;26083,08;26195,13;26246,49;26345,81;26390,40;26544,13;26575,03;26599,55;26607,41;26410,32;
2613000;"Powiat włoszczowski";;34827,4;34836,1;35966,8;36282,5;37404,2;37399,7;37444,3;37665,3;38000,9;38016,9;38084,9;38376,2;38495,2;38780,93;38822,94;38980,06;39302,16;39395,47;39424,48;39636,61;39705,40;39783,84;39841,04;39726,01;39655,75;
2661000;"Powiat m. Kielce";;2263,2;2263,1;2265,0;2270,0;2361,5;2360,7;2364,9;2367,5;2367,3;2367,5;2354,2;2353,6;2353,7;2356,98;2358,29;2358,29;2353,75;2354,75;2352,32;2352,49;2349,61;2350,92;2350,63;2367,17;2367,35;
2801000;"Powiat bartoszycki";;26849,2;27228,8;27666,2;27918,1;28284,6;28524,6;28991,3;29293,8;29475,2;29686,3;30952,0;31434,9;31508,9;31511,89;31641,65;31727,09;31871,04;31931,56;32738,82;32911,00;33020,11;33029,15;33082,48;33098,30;33121,91;
2802000;"Powiat braniewski";;28020,3;28365,2;28456,2;28864,7;29192,7;29487,0;29481,9;29530,5;29689,1;29953,1;30454,9;31317,6;31626,8;31810,79;32183,07;32359,83;32366,76;32513,05;32734,24;33063,91;33094,93;33093,20;33370,66;33445,68;33541,76;
2803000;"Powiat działdowski";;27507,2;27543,6;27661,6;27691,6;27063,6;27674,9;27759,9;27826,3;27938,0;28002,8;28035,0;28033,8;28166,2;28281,48;28371,97;28174,57;28205,60;28212,10;28291,30;28756,78;28821,09;28833,65;28876,99;28970,06;28953,33;
2804000;"Powiat elbląski";;25507,8;25770,6;26042,0;26304,7;26382,4;26456,5;26586,7;26719,4;26808,8;27315,8;27526,7;27578,8;27800,0;28050,07;28229,18;28329,89;28580,00;28796,96;28781,75;28804,14;28856,32;28789,69;28847,73;28854,38;28869,03;
2805000;"Powiat ełcki";;24681,7;24717,7;24735,7;24693,4;24717,3;24745,4;24715,9;24745,2;24794,3;24816,2;24858,6;24882,1;24991,6;25082,89;25159,26;25291,61;25303,97;25342,55;25342,01;25363,33;25147,66;25219,66;25212,87;25211,08;25214,55;
2806000;"Powiat giżycki";;49332,2;49512,2;28719,8;28671,8;28911,1;29002,8;29076,4;29179,1;29215,6;29417,2;29622,9;29672,3;29800,6;29838,20;29892,34;29975,30;29988,62;29993,90;29982,93;29987,02;30001,48;30013,83;30006,74;30032,34;30121,26;
2807000;"Powiat iławski";;36812,8;36798,1;36837,1;36886,2;36906,4;37300,5;37445,1;37521,5;37539,3;37599,7;37775,5;37789,7;37817,5;37981,34;37921,20;38442,63;38489,95;39225,63;39266,07;39294,01;39293,23;39295,02;39298,36;39328,68;39354,97;
2808000;"Powiat kętrzyński";;19469,7;19670,3;19670,3;19946,7;20023,3;20021,6;19979,5;20049,9;20251,2;20340,1;20654,5;20657,8;20874,0;20899,40;20967,31;20908,86;21027,52;21044,00;21161,16;21173,31;21453,10;21450,16;21450,80;21448,76;21450,44;
2809000;"Powiat lidzbarski";;23394,2;23793,3;24228,5;24761,4;24955,6;25034,1;25068,0;25165,5;25208,5;25244,0;25513,4;25793,2;25934,9;26108,02;26136,83;26166,66;26271,99;26360,21;26669,66;27611,05;27644,70;27653,27;27711,52;27791,74;27803,58;
2810000;"Powiat mrągowski";;33855,1;33872,7;33893,4;33911,6;34032,0;34144,3;34215,8;34253,6;34259,7;34318,2;34456,9;34350,7;34411,6;34517,31;34547,78;34535,18;34544,03;34823,66;34776,53;34769,25;34772,42;34784,80;34821,65;34835,10;34891,68;
2811000;"Powiat nidzicki";;36010,4;36283,5;36371,3;36378,8;36398,4;36461,1;37804,4;37797,4;37880,5;37928,3;38086,1;38126,9;38314,2;38422,14;38566,99;38711,79;38985,96;39082,59;39435,42;39526,41;39540,20;39554,93;39550,94;39612,11;39604,92;
2812000;"Powiat nowomiejski";;13814,9;13823,0;13837,4;13851,0;13857,2;13862,5;14783,2;14817,8;14819,3;14842,0;14847,8;14849,3;14680,6;14741,29;14802,80;14904,44;14871,16;14943,91;14935,76;14976,51;14989,88;14998,92;14993,27;14993,47;14978,45;
2813000;"Powiat olecki";;40666,6;40865,4;22579,0;22581,7;22561,2;22716,5;22704,3;22743,2;22783,5;22880,8;23174,5;23177,2;23596,3;23591,69;23770,55;23889,07;23948,18;23945,61;23984,19;24041,30;24034,47;24028,89;24050,69;24096,26;24102,34;
2814000;"Powiat olsztyński";;107188,5;107668,8;108038,2;108322,1;108503,6;108594,5;108876,9;109108,3;109382,2;109456,7;110071,7;110157,3;110072,3;110149,29;110392,28;111168,85;112511,96;112911,50;113923,78;114201,28;114283,07;114332,35;114379,25;115328,99;115369,42;
2815000;"Powiat ostródzki";;51277,3;51518,6;51779,1;51998,0;52138,9;52157,4;52263,6;52461,5;52573,4;53088,4;53436,1;54116,0;54479,6;54991,45;55095,97;55316,36;55655,19;56044,28;56123,96;56205,93;56434,95;56444,97;56560,61;56954,82;57175,17;
2816000;"Powiat piski";;87885,8;88030,2;88276,6;88436,7;88792,3;88995,0;89173,6;89323,5;89434,7;89559,0;89606,0;89657,7;89755,5;89769,46;89793,61;89834,45;89825,68;89831,79;89869,68;90204,61;90215,10;90106,98;90112,91;90119,03;90218,77;
2817000;"Powiat szczycieński";;96622,5;96775,3;96876,6;96993,9;97070,0;97164,9;97660,8;97761,7;97850,2;97911,0;98441,1;98483,9;98585,3;98997,06;99160,50;99665,87;100246,35;100392,25;100451,19;100485,25;100798,25;100812,71;100898,73;100952,77;101038,73;
2818000;"Powiat gołdapski";;;;24778,0;24774,9;24863,2;24866,2;24936,4;24949,0;24969,2;25008,2;25205,7;25332,6;25393,6;25401,34;25502,40;25521,85;25530,09;25553,29;25552,28;25528,76;25565,52;25545,78;25550,55;25603,31;25720,26;
2819000;"Powiat węgorzewski";;;;14198,6;14299,5;14319,6;14374,2;14505,7;14533,8;14537,7;14559,1;14566,3;14586,5;14577,6;14587,75;14633,95;14664,63;14864,58;14965,05;14996,25;15005,26;15040,05;15032,50;15033,21;15079,35;15085,80;
2861000;"Powiat m. Elbląg";;1944,2;1944,2;1943,1;1943,1;2127,2;2127,2;2141,1;2144,1;2166,1;2191,5;2191,5;2191,3;2192,5;2199,23;2199,89;2201,13;2199,11;2199,58;2141,59;2141,60;2160,06;2160,06;2160,56;2254,90;2257,52;
2862000;"Powiat m. Olsztyn";;1857,0;1867,1;1865,2;1889,7;1889,7;1896,5;1942,8;1913,7;1918,9;1916,2;1917,3;1914,4;1914,2;1913,79;1902,35;1901,71;1900,82;1896,51;1897,72;1897,34;1896,84;1944,22;1944,21;1972,87;1974,91;
3001000;"Powiat chodzieski";;24479,4;24515,3;24536,9;24541,9;24565,9;24611,3;24615,8;24660,4;24660,4;24662,9;24680,0;24699,7;24695,6;24694,48;24723,90;24724,26;24751,91;24761,61;24766,08;24804,50;24778,85;24823,16;24829,49;24828,90;24857,70;
3002000;"Powiat czarnkowsko-trzcianecki";;93342,2;93692,7;93661,9;93585,2;93561,2;93668,7;93799,4;93969,0;94095,2;94109,8;94259,7;94235,0;94484,1;94491,14;94544,79;94562,34;94533,06;94565,84;94616,15;94637,79;94674,21;94738,51;94775,09;94793,26;94907,56;
3003000;"Powiat gnieźnieński";;18184,1;18291,6;18383,1;18477,5;18549,0;18598,6;18600,5;18578,0;18543,8;18633,2;18050,3;18445,9;18578,3;18585,25;18620,12;18628,01;18627,83;18618,86;18678,24;18716,45;18778,18;18747,63;18789,29;18834,97;18771,48;
3004000;"Powiat gostyński";;11564,5;11575,0;11572,0;11614,4;11638,1;11667,2;11666,4;11655,6;11658,9;11657,4;11628,2;11616,7;11614,9;11602,70;11604,45;11592,24;11579,68;11586,05;11581,86;11593,99;11591,78;11591,73;11669,72;11653,03;11603,81;
3005000;"Powiat grodziski";;15464,4;15454,4;15454,3;15476,9;15504,9;15567,0;15553,4;15577,4;15573,4;15570,3;15572,2;15592,5;15588,2;15576,94;15571,46;15563,58;15563,29;15562,96;15562,97;15575,29;15618,59;15625,93;15628,07;15648,01;15657,92;
3006000;"Powiat jarociński";;10810,2;10844,7;10832,7;10847,7;10845,8;10865,3;10875,2;10891,2;10944,8;10944,3;11008,5;11030,4;11024,9;11036,13;11065,97;11073,81;11076,22;11063,14;11036,42;11040,87;11049,35;11047,27;11038,40;11059,12;11061,27;
3007000;"Powiat kaliski";;23323,7;23701,4;23750,2;23865,3;23858,4;23846,4;23910,1;23988,9;23979,1;23988,8;23980,9;23984,5;23982,6;23987,94;23997,37;23992,75;23764,22;23974,72;24049,26;24086,62;24085,46;24085,31;24089,42;24101,94;24107,47;
3008000;"Powiat kępiński";;12139,5;12128,1;12117,1;12130,1;12145,5;12153,5;12201,2;12157,3;12155,9;12181,8;12283,4;12287,6;12274,7;12248,94;12260,79;12334,22;12247,24;12360,41;12303,40;12304,40;12328,42;12335,90;12348,47;12357,39;12351,11;
3009000;"Powiat kolski";;11193,0;11346,1;11470,4;11472,3;11464,3;11551,8;11600,1;11820,9;11957,5;11961,8;11947,1;11985,6;11992,4;11994,64;12032,13;12128,77;12129,45;12085,43;12094,40;12093,46;12093,25;12048,48;11986,74;12056,59;12071,46;
3010000;"Powiat koniński";;24745,5;24872,5;24907,8;25035,4;25034,8;25119,2;25150,7;25353,2;25449,4;25582,6;25666,1;25715,0;25719,8;25795,11;26015,37;25951,92;26103,02;26350,35;26394,85;26440,69;26414,21;26037,67;26105,43;26217,97;25970,97;
3011000;"Powiat kościański";;9771,8;9842,9;9869,0;9909,7;9906,7;9944,1;9992,4;9981,2;9972,1;9975,1;9976,1;9972,4;9965,0;9958,12;9964,41;9953,62;9947,12;9953,53;9952,65;9905,52;9905,33;9905,14;9906,58;9905,08;9921,80;
3012000;"Powiat krotoszyński";;13542,9;13538,9;13540,9;13526,9;13620,9;13592,9;13594,1;13598,6;13551,9;13564,2;13599,5;13607,3;13612,7;13607,37;13604,48;13611,04;13607,51;13611,95;13615,19;13600,83;13606,70;13611,64;13615,76;13633,76;13645,69;
3013000;"Powiat leszczyński";;20000,5;20039,9;20112,4;20276,3;20328,3;20369,4;20367,4;20406,4;20398,0;20402,6;20405,7;20397,4;20379,2;20387,63;20386,98;20389,68;20359,23;20404,34;20402,09;20394,21;20407,24;20403,43;20403,85;20420,18;20426,31;
3014000;"Powiat międzychodzki";;33508,9;33537,1;33545,5;33538,7;33523,3;33559,6;33673,9;33684,2;33738,8;33732,3;33741,7;33729,7;33762,4;33729,52;33732,39;33759,20;33814,62;33797,58;33823,07;33830,30;33834,75;33806,79;33823,88;33820,87;33848,64;
3015000;"Powiat nowotomyski";;39005,3;39000,3;39052,0;39059,8;39033,4;39111,1;39126,7;39289,7;39309,2;39395,2;39449,4;39459,5;39482,2;39472,90;39500,42;39517,63;39516,77;39547,70;39558,39;39618,87;39641,73;39642,24;39622,88;39638,34;39666,89;
3016000;"Powiat obornicki";;22527,4;22548,5;22508,0;22526,6;22656,7;22664,1;22677,1;22710,6;22695,3;22704,3;22700,8;22706,8;22701,6;22700,25;22755,81;22759,75;22760,85;22760,88;22759,66;22847,69;22851,97;22848,87;22864,25;22937,90;22923,18;
3017000;"Powiat ostrowski";;33093,1;33100,8;33026,3;33090,0;33085,8;33063,3;33157,5;33242,6;33271,3;33292,4;33348,4;33356,3;33361,8;33399,34;33379,24;33389,48;33490,40;33559,36;33619,83;33631,39;33654,18;33629,63;33686,37;33696,29;33739,98;
3018000;"Powiat ostrzeszowski";;26907,6;26893,8;26926,1;26966,8;26956,3;27131,2;27114,3;27138,6;27124,0;27180,3;27208,8;27309,5;27299,9;27298,44;27302,12;27323,57;27346,18;27343,48;27348,19;27276,47;27302,48;27324,09;27376,19;27400,14;27456,01;
3019000;"Powiat pilski";;36497,6;36544,0;36606,6;36616,0;36686,9;36689,5;36702,4;36893,3;36886,3;36895,6;36937,8;36963,1;37132,4;37172,34;37298,21;37318,05;37325,81;37310,07;37340,54;37646,15;37378,15;37381,52;37405,38;37400,82;37407,10;
3020000;"Powiat pleszewski";;13770,3;13939,3;13793,9;13817,2;13889,4;13942,6;13956,2;13969,5;13985,4;13990,6;13994,2;13994,0;13995,8;14014,87;14014,54;14007,15;14007,23;14019,18;14031,89;14032,37;14031,22;13869,10;13875,88;13683,11;13960,36;
3021000;"Powiat poznański";;42724,9;42778,5;42855,7;42860,2;43005,0;43233,7;43452,9;43483,9;43127,6;43245,5;43566,7;43552,5;43640,7;43633,70;43617,25;43617,20;43632,36;43728,33;43721,91;43772,91;43836,66;43805,77;43828,41;43899,59;43938,95;
3022000;"Powiat rawicki";;8323,5;8360,2;8363,6;8396,0;8412,5;8464,6;8465,0;8485,0;8502,5;8502,2;8474,6;8465,9;8471,5;8479,02;8459,85;8454,93;8465,38;8462,41;8447,49;8448,08;8450,23;8448,72;8456,48;8464,22;8459,20;
3023000;"Powiat słupecki";;12499,7;12598,7;12710,7;12780,7;12831,0;12842,3;12842,7;12879,8;12895,9;13016,2;13034,2;13053,1;13068,1;13014,63;13028,70;13050,55;13052,81;13023,16;13371,17;13039,93;12988,02;12989,04;12805,14;12898,57;12822,90;
3024000;"Powiat szamotulski";;35052,4;35159,1;35145,1;35129,8;35153,3;35163,5;35211,5;35280,3;35320,0;35324,2;35390,2;35457,3;35473,7;35473,03;35488,18;35497,66;35523,96;35516,78;35573,38;35593,15;35583,38;35577,06;35564,03;35554,31;35575,97;
3025000;"Powiat średzki";;10344,5;10310,2;10279,0;10278,0;10318,9;10321,1;10425,7;10445,8;10366,6;10364,3;10383,7;10380,0;10369,3;10354,81;10352,23;10330,47;10354,34;10354,17;10354,35;10294,13;10314,57;10315,16;10315,31;10330,13;10354,13;
3026000;"Powiat śremski";;11401,4;11428,5;11443,4;11473,5;11470,8;11489,4;11495,7;11491,7;11460,4;11483,5;11496,8;11486,3;11473,6;11491,53;11488,37;11485,30;11484,96;11487,93;11489,51;11491,81;11499,06;11499,81;11598,35;11598,25;11602,82;
3027000;"Powiat turecki";;22137,8;22283,7;22340,7;22421,6;22549,0;22947,3;22872,8;22926,9;23074,4;23152,3;23410,8;23358,4;23355,6;23356,33;23413,01;23398,23;23252,92;23292,18;23002,51;22986,92;22342,70;22232,54;22244,52;22254,20;22172,61;
3028000;"Powiat wągrowiecki";;19897,2;19944,8;19983,0;19935,7;19937,1;19950,0;19972,8;20125,6;20119,8;20160,9;20169,3;20218,1;20208,3;20203,46;20254,64;20260,81;20285,40;20308,04;20305,26;20378,65;20414,48;20349,43;20413,42;20454,29;20481,42;
3029000;"Powiat wolsztyński";;20889,7;20900,3;20897,7;20936,1;20948,9;20997,1;21049,3;21059,2;21059,1;21064,3;21064,3;21071,9;21070,8;21059,54;21073,86;21061,85;21123,75;21123,65;21133,96;21145,11;21141,79;21142,00;21139,75;21150,83;21159,81;
3030000;"Powiat wrzesiński";;13506,1;13509,1;13478,1;13494,1;13498,5;13529,7;13544,3;13549,2;13559,8;13578,6;13592,9;13586,7;13585,3;13578,09;13594,31;13627,35;13554,93;13551,19;13553,61;13552,26;13566,85;13568,56;13556,94;13560,13;13582,12;
3031000;"Powiat złotowski";;74921,7;75032,5;75234,1;75665,0;77577,5;77783,2;78365,5;78210,0;78186,7;78395,5;78582,5;78974,9;79070,8;79194,83;79315,77;79398,99;79477,00;79532,96;79564,31;79634,25;79775,23;79820,84;79884,87;79936,65;79963,11;
3061000;"Powiat m. Kalisz";;390,3;390,3;388,3;388,3;388,1;414,1;414,0;416,2;416,2;413,2;410,2;410,2;409,0;409,90;409,91;410,41;412,12;411,93;411,93;411,93;411,93;411,93;411,93;411,93;411,93;
3062000;"Powiat m. Konin";;213,0;214,0;214,0;214,0;217,8;224,0;214,0;227,0;261,7;261,7;262,5;262,2;263,5;263,67;263,67;263,02;263,02;262,91;262,91;262,91;262,90;262,79;262,79;266,04;271,69;
3063000;"Powiat m. Leszno";;238,8;244,7;247,9;247,9;248,4;248,0;246,4;247,6;245,5;245,3;245,3;245,3;245,8;245,85;245,85;245,83;245,82;246,30;247,54;247,54;247,54;247,54;247,51;247,51;247,51;
3064000;"Powiat m. Poznań";;3886,1;3878,0;3878,0;4024,0;4003,7;4005,4;4014,3;4041,3;4089,4;4159,4;4157,8;4249,1;4141,0;4168,83;4178,81;4249,62;4262,79;4265,47;4265,89;3981,41;3984,78;3985,54;4311,09;4105,75;4105,74;
3201000;"Powiat białogardzki";;33428,6;33624,7;33789,8;33954,2;34107,3;34308,9;34746,1;34885,8;35045,9;35243,3;35574,5;35610,6;35665,8;35686,48;35758,17;35983,11;35986,70;36063,12;36088,37;36139,38;36384,79;36168,80;36218,74;36327,01;36366,59;
3202000;"Powiat choszczeński";;51757,3;51855,5;51888,1;51917,1;51936,8;51967,4;52008,9;52060,1;52077,5;52123,9;52261,2;52317,3;52399,4;52442,05;52466,75;52460,03;52521,54;52545,99;52553,17;52592,98;52595,84;52598,60;52796,90;52957,32;52991,39;
3203000;"Powiat drawski";;81652,3;81791,7;82014,9;82261,5;82336,3;82729,6;82941,7;82781,8;82827,7;83102,2;83664,6;85943,2;85990,1;86117,54;86388,75;86474,94;86220,16;86045,88;86099,29;86209,30;86764,33;86778,37;86933,26;87104,03;87101,81;
3204000;"Powiat goleniowski";;61736,7;61815,3;60482,7;60654,6;60817,5;60913,2;61017,1;61094,2;61153,0;61227,9;61230,1;61242,0;61228,4;61140,41;61197,23;61200,33;61251,80;61561,57;61586,62;61526,43;61448,89;61473,36;61613,98;61980,19;62061,88;
3205000;"Powiat gryficki";;38271,8;38306,5;20974,9;20984,5;21022,5;20977,6;21011,4;21064,1;21041,8;21114,5;21344,1;21366,0;21388,2;21337,35;21354,56;21385,46;21397,11;21421,34;21447,20;21484,42;21490,37;21491,97;21558,96;21833,46;21867,96;
3206000;"Powiat gryfiński";;64045,3;64314,0;64410,3;64597,0;64650,0;64751,5;64771,5;64827,3;64871,8;64973,2;65045,4;65119,5;65172,3;65165,05;65283,31;65381,06;65442,96;65490,60;65591,48;65625,49;65653,52;65671,05;65754,37;65798,68;65829,50;
3207000;"Powiat kamieński";;27782,5;27945,4;28077,3;28033,0;28048,3;28004,7;28032,4;28038,9;28263,8;28370,3;28394,1;28374,8;28375,4;28344,58;28631,55;28781,16;28862,62;28882,67;28907,94;28912,31;29050,66;29056,36;29039,75;29238,02;29259,42;
3208000;"Powiat kołobrzeski";;15413,0;15420,8;15443,8;15490,6;15587,8;15614,0;15730,7;15598,5;15708,9;15709,6;15656,0;15788,5;15816,5;15821,29;15726,41;15870,80;15885,30;15869,38;15911,38;15920,24;15953,41;15952,93;15955,89;15997,41;16057,25;
3209000;"Powiat koszaliński";;71220,1;71290,7;71183,4;71326,5;71476,6;71525,6;71817,6;71923,6;71986,3;72081,8;72018,7;72047,6;72124,8;72168,96;72313,25;72474,59;72653,31;72774,50;73030,45;73065,40;73166,62;73085,84;72891,80;72863,44;72889,67;
3210000;"Powiat myśliborski";;50225,3;50256,5;50268,7;50180,9;50240,4;50282,5;50358,8;50385,4;50482,6;50537,0;50535,6;50589,2;50682,3;50798,94;50816,14;50913,19;50977,11;51005,67;51048,42;51051,02;51088,87;51091,76;51108,71;51153,33;51185,24;
3211000;"Powiat policki";;23197,9;23226,4;23216,9;23043,6;23056,1;23310,0;23304,0;23303,7;23335,9;23334,8;23337,1;23343,4;23388,1;23389,67;23458,21;23500,79;23522,81;23543,28;23557,61;23604,17;23585,59;23603,15;23607,99;23612,60;23610,18;
3212000;"Powiat pyrzycki";;4601,6;4631,7;4627,4;4630,9;4630,2;4654,9;4660,2;4723,0;4740,9;4747,5;4778,0;4780,2;4786,6;4795,04;4792,02;4798,48;4804,08;4804,06;4808,45;4810,58;4805,27;4813,06;4813,15;4821,30;4821,90;
3213000;"Powiat sławieński";;29749,6;29654,6;29663,8;29764,1;29992,1;30062,1;30114,1;30057,4;30069,6;30190,1;30201,0;30118,0;30231,8;30250,32;30283,20;30376,37;30396,87;30397,47;30436,27;30458,66;30523,17;30464,39;30452,39;30588,20;30584,18;
3214000;"Powiat stargardzki";;49551,1;49702,8;35924,4;36183,1;36495,7;36930,6;37137,5;37257,7;37435,8;37546,7;37542,1;38046,6;38138,8;38170,75;38301,56;38335,23;38505,58;38516,53;38550,33;38555,90;38853,18;39084,74;39104,30;39392,36;39333,41;
3215000;"Powiat szczecinecki";;77061,3;77529,3;78199,0;78861,0;79271,6;79621,1;79936,5;80434,5;80622,1;80771,0;80913,6;81336,2;81430,6;81619,21;82069,72;82224,51;82385,81;82454,30;82640,97;82712,31;82682,70;82686,56;82697,33;82721,20;83114,03;
3216000;"Powiat świdwiński";;38250,2;38219,1;38568,7;38544,6;38803,6;38768,1;38874,7;38880,1;38957,4;39113,9;39164,4;39335,6;39328,7;39422,81;39462,76;39795,93;39922,93;40024,51;40280,89;40283,57;40293,81;40292,24;40307,08;40334,59;40329,94;
3217000;"Powiat wałecki";;77685,8;77949,8;78260,8;78432,2;78903,8;79101,9;79244,5;79410,3;79426,4;79482,7;79625,9;79600,1;79796,5;79847,50;79904,51;79877,89;79970,55;80050,92;80027,85;80085,64;80118,00;80133,75;80153,25;80259,55;80340,50;
3218000;"Powiat łobeski";;;;33358,4;33650,8;33897,3;34103,0;34214,5;34332,4;34415,8;34461,7;34494,9;34506,9;34535,3;34581,36;34625,36;34664,41;34735,01;34812,28;34779,17;34808,67;34825,97;34899,85;34933,08;35001,78;35056,08;
3261000;"Powiat m. Koszalin";;3367,0;3367,0;3366,4;3366,4;3367,1;3379,9;3381,7;3383,0;3383,0;3382,9;3544,0;3543,7;3553,5;3554,54;3554,94;3555,33;3555,89;3550,73;3549,92;3551,07;3550,06;3550,80;3702,06;3777,88;3778,25;
3262000;"Powiat m. Szczecin";;5018,7;4994,2;5177,9;5188,5;5171,3;5090,9;5021,9;5021,6;5019,0;5008,0;5009,0;5007,3;5002,6;4999,28;4996,78;5119,40;5109,48;5109,49;5231,90;5222,36;5222,46;5234,70;5050,33;5131,54;5134,04;
3263000;"Powiat m. Świnoujście";;4412,8;4407,5;4402,2;4324,8;4326,0;4335,3;4356,0;4355,6;4381,5;4373,3;4352,6;4348,9;4346,9;4341,73;4384,39;4387,75;4526,02;4458,07;4457,84;4491,32;4507,25;4497,86;4343,16;4350,13;4340,66;
